date,nav_regular_growth,nav_direct_growth
2013-05-28,9.9991,9.9992
2013-05-29,10.0077,10.008
2013-05-30,10.0323,10.0327
2013-05-31,10.0148,10.0154
2013-06-03,10.0562,10.0572
2013-06-04,10.0328,10.0339
2013-06-05,10.0261,10.0273
2013-06-06,10.0315,10.0328
2013-06-07,10.022,10.0235
2013-06-10,9.9938,9.9957
2013-06-11,9.952,9.954
2013-06-12,9.9266,9.9288
2013-06-13,9.9095,9.9118
2013-06-14,9.9524,9.9549
2013-06-17,9.9789,9.9818
2013-06-18,9.9934,9.9964
2013-06-19,10.0054,10.0085
2013-06-20,9.9274,9.9306
2013-06-21,9.9128,9.9161
2013-06-24,9.7996,9.8034
2013-06-25,9.7789,9.7828
2013-06-26,9.7503,9.7543
2013-06-27,9.7877,9.7919
2013-06-28,9.8949,9.8992
2013-07-01,9.9304,9.9352
2013-07-02,9.9308,9.9357
2013-07-03,9.9099,9.9149
2013-07-04,9.9492,9.9544
2013-07-05,9.966,9.9713
2013-07-08,9.9461,9.9518
2013-07-09,9.9959,10.0018
2013-07-10,10.0019,10.0079
2013-07-11,10.0555,10.0617
2013-07-12,10.122,10.1284
2013-07-15,10.1765,10.1833
2013-07-16,10.1013,10.1081
2013-07-17,10.1463,10.1534
2013-07-18,10.2091,10.2163
2013-07-19,10.1215,10.1288
2013-07-22,10.1831,10.1909
2013-07-23,10.1585,10.1664
2013-07-24,10.0279,10.0358
2013-07-25,9.9619,9.9699
2013-07-26,9.9513,9.9594
2013-07-29,9.8829,9.8913
2013-07-30,9.8338,9.8424
2013-07-31,9.7639,9.7726
2013-08-01,9.7789,9.7877
2013-08-02,9.8062,9.8152
2013-08-05,9.7795,9.7889
2013-08-06,9.67,9.6794
2013-08-07,9.6816,9.6912
2013-08-08,9.7943,9.8041
2013-08-12,9.8889,9.8993
2013-08-13,9.9563,9.9669
2013-08-14,9.9481,9.9589
2013-08-16,9.825,9.8359
2013-08-19,9.6952,9.7064
2013-08-20,9.7015,9.7127
2013-08-21,9.6811,9.6923
2013-08-22,9.6912,9.7025
2013-08-23,9.7683,9.7798
2013-08-26,9.745,9.7569
2013-08-27,9.6448,9.6567
2013-08-28,9.6131,9.6251
2013-08-29,9.6368,9.649
2013-08-30,9.6328,9.6451
2013-09-02,9.704,9.7168
2013-09-03,9.6441,9.657
2013-09-04,9.6458,9.6588
2013-09-05,9.7458,9.7591
2013-09-06,9.7493,9.7627
2013-09-10,9.8735,9.8876
2013-09-11,9.9554,9.9697
2013-09-12,9.9871,10.0016
2013-09-13,10.0253,10.04
2013-09-16,10.0168,10.0314
2013-09-17,10.03,10.0447
2013-09-18,10.1095,10.1245
2013-09-19,10.1929,10.2081
2013-09-20,10.1467,10.162
2013-09-23,10.0433,10.0588
2013-09-24,10.0267,10.0423
2013-09-25,10.0738,10.0896
2013-09-26,10.0951,10.1112
2013-09-27,10.0986,10.1148
2013-09-30,10.1265,10.1415
2013-10-01,10.1737,10.189
2013-10-03,10.1881,10.2037
2013-10-04,10.1368,10.1524
2013-10-07,10.1418,10.1578
2013-10-08,10.1255,10.1417
2013-10-09,10.1087,10.125
2013-10-10,10.161,10.1775
2013-10-11,10.2302,10.247
2013-10-14,10.3252,10.3426
2013-10-15,10.3139,10.3314
2013-10-17,10.3163,10.334
2013-10-18,10.4424,10.4605
2013-10-21,10.5235,10.5421
2013-10-22,10.5534,10.5722
2013-10-23,10.5709,10.59
2013-10-24,10.5476,10.5668
2013-10-25,10.5259,10.5451
2013-10-28,10.5491,10.5689
2013-10-29,10.5767,10.5966
2013-10-30,10.5876,10.6077
2013-10-31,10.6735,10.6939
2013-11-01,10.7179,10.7386
2013-11-05,10.796,10.8176
2013-11-06,10.7954,10.8172
2013-11-07,10.7458,10.7677
2013-11-08,10.6785,10.7003
2013-11-11,10.6535,10.6757
2013-11-12,10.6397,10.6621
2013-11-13,10.6289,10.6513
2013-11-14,10.7104,10.7331
2013-11-18,10.8165,10.8401
2013-11-19,10.8265,10.8503
2013-11-20,10.8745,10.8985
2013-11-21,10.8178,10.8418
2013-11-22,10.744,10.768
2013-11-25,10.7553,10.7797
2013-11-26,10.7029,10.7274
2013-11-27,10.7444,10.7691
2013-11-28,10.7741,10.7991
2013-11-29,10.8209,10.846
2013-12-02,10.8723,10.8981
2013-12-03,10.7827,10.8084
2013-12-04,10.7638,10.7896
2013-12-05,10.8076,10.8336
2013-12-06,10.7922,10.8184
2013-12-09,10.8142,10.8408
2013-12-10,10.7161,10.7427
2013-12-11,10.73,10.7567
2013-12-12,10.6617,10.6884
2013-12-13,10.5823,10.6091
2013-12-16,10.6088,10.6361
2013-12-17,10.625,10.6524
2013-12-18,10.7051,10.7329
2013-12-19,10.7876,10.8157
2013-12-20,10.9124,10.941
2013-12-23,11.0358,11.0652
2013-12-24,11.0425,11.0721
2013-12-26,11.1054,11.1355
2013-12-27,11.0421,11.0722
2013-12-30,11.0778,11.1084
2013-12-31,11.1238,11.1547
2014-01-01,11.1677,11.1989
2014-01-02,11.0802,11.1112
2014-01-03,11.0372,11.0683
2014-01-06,11.0644,11.096
2014-01-07,11.0468,11.0785
2014-01-08,11.1136,11.1456
2014-01-09,11.0372,11.0692
2014-01-10,10.9945,11.0265
2014-01-13,11.0283,11.0608
2014-01-14,10.9556,10.9881
2014-01-15,10.9894,11.0221
2014-01-16,10.9704,11.0033
2014-01-17,10.9024,10.9352
2014-01-20,10.9184,10.9517
2014-01-21,10.9689,11.0025
2014-01-22,10.9669,11.0006
2014-01-23,10.9547,10.9885
2014-01-24,10.8631,10.8968
2014-01-27,10.6755,10.7091
2014-01-28,10.6521,10.6857
2014-01-29,10.651,10.6848
2014-01-30,10.5389,10.5725
2014-01-31,10.6099,10.6438
2014-02-03,10.5594,10.5936
2014-02-04,10.5153,10.5495
2014-02-05,10.5662,10.6007
2014-02-06,10.545,10.5796
2014-02-07,10.6358,10.6708
2014-02-10,10.6377,10.6731
2014-02-11,10.6364,10.6719
2014-02-12,10.6776,10.7134
2014-02-13,10.6537,10.6896
2014-02-14,10.6328,10.6687
2014-02-17,10.6169,10.6533
2014-02-18,10.7043,10.7411
2014-02-19,10.7258,10.7629
2014-02-20,10.6864,10.7235
2014-02-21,10.7734,10.8109
2014-02-24,10.9761,11.0148
2014-02-25,11.0424,11.0815
2014-02-26,11.1349,11.1744
2014-02-28,11.2116,11.2518
2014-03-03,11.2046,11.2452
2014-03-04,11.2259,11.2667
2014-03-05,11.2474,11.2884
2014-03-06,11.2268,11.2679
2014-03-07,11.2671,11.3085
2014-03-10,11.4559,11.4985
2014-03-11,11.4287,11.4713
2014-03-12,11.4406,11.4834
2014-03-13,11.3332,11.3758
2014-03-14,11.3127,11.3554
2014-03-18,11.3836,11.4273
2014-03-19,11.5182,11.5625
2014-03-20,11.534,11.5785
2014-03-21,11.5409,11.5856
2014-03-24,11.5419,11.5871
2014-03-25,11.5331,11.5784
2014-03-26,11.5941,11.6398
2014-03-27,11.6235,11.6695
2014-03-28,11.7015,11.748
2014-03-31,11.7666,11.8137
2014-04-01,11.8325,11.8804
2014-04-02,12.0161,12.0649
2014-04-03,12.0425,12.0915
2014-04-04,12.0986,12.1481
2014-04-07,12.0375,12.0871
2014-04-09,12.2275,12.2782
2014-04-10,12.244,12.2949
2014-04-11,12.3292,12.3807
2014-04-15,12.2226,12.2743
2014-04-16,12.2667,12.3187
2014-04-17,12.3774,12.4306
2014-04-21,12.4153,12.4694
2014-04-22,12.4342,12.4885
2014-04-23,12.4209,12.4753
2014-04-25,12.3242,12.3786
2014-04-28,12.3654,12.4204
2014-04-29,12.4381,12.4935
2014-04-30,12.3033,12.3584
2014-05-02,12.3735,12.4242
2014-05-05,12.3812,12.4325
2014-05-06,12.4106,12.4622
2014-05-07,12.3795,12.4311
2014-05-08,12.3753,12.4271
2014-05-09,12.4652,12.5176
2014-05-12,12.5521,12.6053
2014-05-13,12.6539,12.7077
2014-05-14,12.7194,12.7734
2014-05-15,12.6095,12.6632
2014-05-16,12.6474,12.7013
2014-05-19,12.916,12.9717
2014-05-20,13.0424,13.0987
2014-05-21,13.0527,13.1093
2014-05-22,13.2157,13.2732
2014-05-23,13.4145,13.473
2014-05-26,13.2926,13.3511
2014-05-27,13.3578,13.4168
2014-05-28,13.6103,13.6706
2014-05-29,13.5243,13.5845
2014-05-30,13.402,13.4618
2014-06-02,13.571,13.6321
2014-06-03,13.4834,13.5443
2014-06-04,13.6375,13.6994
2014-06-05,13.7369,13.7994
2014-06-06,13.8884,13.9518
2014-06-09,13.9675,14.0318
2014-06-10,14.1866,14.2521
2014-06-11,14.1028,14.1681
2014-06-12,14.1069,14.1725
2014-06-13,13.8664,13.9309
2014-06-16,13.851,13.9161
2014-06-17,13.9851,14.051
2014-06-18,13.9328,13.9986
2014-06-19,13.7757,13.841
2014-06-20,13.7997,13.8653
2014-06-23,13.815,13.8812
2014-06-24,13.9744,14.0416
2014-06-25,13.9385,14.0057
2014-06-26,13.9227,13.99
2014-06-27,13.9456,14.0133
2014-06-30,14.0692,14.138
2014-07-01,14.1978,14.2673
2014-07-02,14.4817,14.5529
2014-07-03,14.5456,14.6173
2014-07-04,14.6816,14.7542
2014-07-07,14.8557,14.9297
2014-07-08,14.5873,14.6602
2014-07-09,14.4789,14.5514
2014-07-10,14.4222,14.4947
2014-07-11,14.1329,14.2041
2014-07-14,14.1442,14.216
2014-07-15,14.353,14.4261
2014-07-16,14.5303,14.6046
2014-07-17,14.7104,14.7858
2014-07-18,14.7563,14.832
2014-07-21,14.7885,14.8651
2014-07-22,14.7427,14.8192
2014-07-23,14.716,14.7925
2014-07-24,14.7864,14.8635
2014-07-25,14.6582,14.7349
2014-07-28,14.6158,14.6928
2014-07-30,14.5297,14.6067
2014-07-31,14.4772,14.5541
2014-08-01,14.3739,14.4505
2014-08-04,14.4209,14.4983
2014-08-05,14.4504,14.5281
2014-08-06,14.362,14.4394
2014-08-07,14.299,14.3763
2014-08-08,14.1337,14.2103
2014-08-11,14.1981,14.2756
2014-08-12,14.1721,14.2497
2014-08-13,14.0053,14.0822
2014-08-14,14.0788,14.1563
2014-08-18,14.3232,14.4029
2014-08-19,14.4517,14.5322
2014-08-20,14.5088,14.5899
2014-08-21,14.5337,14.6151
2014-08-22,14.4889,14.5703
2014-08-25,14.3962,14.4776
2014-08-26,14.3516,14.433
2014-08-27,14.4422,14.5243
2014-08-28,14.4241,14.5063
2014-09-01,14.5051,14.5886
2014-09-02,14.6895,14.7742
2014-09-03,14.6754,14.7603
2014-09-04,14.6698,14.7548
2014-09-05,14.6544,14.7395
2014-09-08,14.7413,14.8275
2014-09-09,14.7279,14.8143
2014-09-10,14.7626,14.8494
2014-09-11,14.9792,15.0675
2014-09-12,15.0464,15.1353
2014-09-15,15.0676,15.1571
2014-09-16,14.7104,14.798
2014-09-17,14.794,14.8824
2014-09-18,15.0605,15.1506
2014-09-19,15.1498,15.2407
2014-09-22,15.192,15.2844
2014-09-23,15.0118,15.1033
2014-09-24,14.8309,14.9214
2014-09-25,14.6611,14.7508
2014-09-26,14.6881,14.7782
2014-09-29,14.7875,14.8788
2014-09-30,14.6918,14.7827
2014-10-01,14.7321,14.8235
2014-10-07,14.5542,14.6456
2014-10-08,14.481,14.5722
2014-10-09,14.6666,14.7594
2014-10-10,14.4851,14.5769
2014-10-13,14.4247,14.5167
2014-10-14,14.3702,14.462
2014-10-16,14.2956,14.3874
2014-10-17,14.2976,14.3896
2014-10-20,14.3829,14.4761
2014-10-21,14.4154,14.509
2014-10-22,14.5263,14.6208
2014-10-27,14.6247,14.7208
2014-10-28,14.602,14.6982
2014-10-29,14.6489,14.7456
2014-10-30,14.7069,14.8042
2014-10-31,14.8355,14.9338
2014-11-03,15.0608,15.1612
2014-11-05,14.9831,15.0834
2014-11-07,14.9904,15.0911
2014-11-10,14.9755,15.0768
2014-11-11,15.067,15.169
2014-11-12,15.0949,15.1974
2014-11-13,14.9926,15.0945
2014-11-14,15.0023,15.1046
2014-11-17,15.0242,15.1272
2014-11-18,15.0578,15.1613
2014-11-19,15.0645,15.1682
2014-11-20,15.0203,15.1239
2014-11-21,15.098,15.2023
2014-11-24,15.1595,15.2649
2014-11-25,15.096,15.2011
2014-11-26,15.2649,15.3714
2014-11-27,15.3202,15.4273
2014-11-28,15.4378,15.5459
2014-12-01,15.5033,15.6125
2014-12-02,15.6344,15.7448
2014-12-03,15.7181,15.8292
2014-12-04,15.7593,15.8709
2014-12-05,15.743,15.8547
2014-12-08,15.7522,15.8646
2014-12-09,15.6364,15.7483
2014-12-10,15.6536,15.7657
2014-12-11,15.5314,15.6429
2014-12-12,15.3785,15.4891
2014-12-15,15.2907,15.4012
2014-12-16,15.0399,15.1489
2014-12-17,15.0074,15.1163
2014-12-18,15.3845,15.4964
2014-12-19,15.5836,15.6972
2014-12-22,15.6565,15.7712
2014-12-23,15.8276,15.9438
2014-12-24,15.8736,15.9903
2014-12-26,15.8858,16.003
2014-12-29,15.9249,16.0431
2014-12-30,15.9458,16.0644
2014-12-31,16.1096,16.2296
2015-01-01,16.139,16.2594
2015-01-02,16.2679,16.3896
2015-01-05,16.2763,16.3987
2015-01-06,15.9221,16.042
2015-01-07,15.8265,15.9459
2015-01-08,15.9643,16.085
2015-01-09,16.0269,16.1482
2015-01-12,16.0432,16.1654
2015-01-13,16.0793,16.202
2015-01-14,16.0209,16.1434
2015-01-15,16.1424,16.266
2015-01-16,16.148,16.2718
2015-01-19,16.2154,16.3404
2015-01-20,16.3349,16.461
2015-01-21,16.2959,16.422
2015-01-22,16.3657,16.4925
2015-01-23,16.4182,16.5457
2015-01-27,16.3764,16.5044
2015-01-28,16.3386,16.4665
2015-01-29,16.2794,16.4071
2015-01-30,16.1961,16.3233
2015-02-02,16.1999,16.3279
2015-02-03,16.1299,16.2575
2015-02-04,16.1076,16.2352
2015-02-05,16.0016,16.1287
2015-02-06,15.924,16.0507
2015-02-09,15.8783,16.0053
2015-02-10,15.8133,15.9399
2015-02-11,15.8886,16.0161
2015-02-12,15.9624,16.0907
2015-02-13,16.1719,16.3021
2015-02-16,16.1717,16.3025
2015-02-18,16.193,16.3244
2015-02-19,16.1248,16.2559
2015-02-20,16.1599,16.2915
2015-02-23,16.1072,16.239
2015-02-24,16.0688,16.2005
2015-02-25,16.1041,16.2364
2015-02-26,16.1041,16.2366
2015-02-27,16.2453,16.3792
2015-03-02,16.6054,16.7452
2015-03-03,16.6352,16.7754
2015-03-04,16.7094,16.8506
2015-03-05,16.7883,16.9303
2015-03-09,16.5912,16.7325
2015-03-10,16.5017,16.6424
2015-03-11,16.4457,16.5862
2015-03-12,16.4629,16.6038
2015-03-13,16.3965,16.537
2015-03-16,16.3017,16.4421
2015-03-17,16.5462,16.6889
2015-03-18,16.5636,16.7067
2015-03-19,16.5389,16.682
2015-03-20,16.3795,16.5214
2015-03-23,16.3615,16.5039
2015-03-24,16.3512,16.4938
2015-03-25,16.3196,16.4621
2015-03-26,16.1073,16.2482
2015-03-27,16.1182,16.2595
2015-03-30,16.2474,16.3905
2015-03-31,16.3257,16.4697
2015-04-01,16.4139,16.5589
2015-04-06,16.4167,16.5628
2015-04-07,16.4578,16.6045
2015-04-08,16.5414,16.6891
2015-04-09,16.646,16.7948
2015-04-10,16.7489,16.8989
2015-04-13,16.7451,16.8958
2015-04-15,16.6658,16.8162
2015-04-16,16.7168,16.8679
2015-04-17,16.7053,16.8565
2015-04-20,16.5361,16.6865
2015-04-21,16.6148,16.7661
2015-04-22,16.628,16.7796
2015-04-23,16.6099,16.7616
2015-04-24,16.4644,16.615
2015-04-27,16.2788,16.4284
2015-04-28,16.4962,16.648
2015-04-29,16.5659,16.7186
2015-04-30,16.5884,16.7415
2015-05-04,16.7679,16.9236
2015-05-05,16.7228,16.8783
2015-05-06,16.3864,16.539
2015-05-07,16.2093,16.3605
2015-05-08,16.3908,16.5439
2015-05-11,16.6183,16.7742
2015-05-12,16.5619,16.7175
2015-05-13,16.6349,16.7915
2015-05-14,16.6488,16.8057
2015-05-15,16.7187,16.8764
2015-05-18,16.8037,16.963
2015-05-19,16.7881,16.9475
2015-05-20,16.8527,17.0129
2015-05-21,16.8286,16.9888
2015-05-22,16.8054,16.9656
2015-05-25,16.747,16.9074
2015-05-26,16.7409,16.9014
2015-05-27,16.6743,16.8344
2015-05-28,16.7022,16.8628
2015-05-29,16.7979,16.9597
2015-06-01,16.7301,16.8919
2015-06-02,16.5619,16.7223
2015-06-03,16.4574,16.617
2015-06-04,16.4949,16.6551
2015-06-05,16.4058,16.5652
2015-06-08,16.3183,16.4776
2015-06-09,16.2698,16.4288
2015-06-10,16.3194,16.4792
2015-06-11,16.3092,16.469
2015-06-12,16.3818,16.5427
2015-06-15,16.3813,16.5428
2015-06-16,16.3811,16.5428
2015-06-17,16.4566,16.6193
2015-06-18,16.5365,16.7002
2015-06-19,16.5778,16.7421
2015-06-22,16.7258,16.8923
2015-06-23,16.7868,16.9541
2015-06-24,16.7487,16.9159
2015-06-25,16.7403,16.9076
2015-06-26,16.7318,16.8993
2015-06-29,16.6354,16.8026
2015-06-30,16.5725,16.7392
2015-07-01,16.6596,16.8275
2015-07-02,16.7254,16.8941
2015-07-03,16.7374,16.9065
2015-07-06,16.7669,16.937
2015-07-07,16.8688,17.0401
2015-07-08,16.7495,16.9199
2015-07-09,16.6559,16.8255
2015-07-10,16.6447,16.8145
2015-07-13,16.7824,16.9542
2015-07-14,16.841,17.0137
2015-07-15,16.9385,17.1124
2015-07-16,17.0387,17.2139
2015-07-17,17.1761,17.353
2015-07-20,17.4114,17.5914
2015-07-21,17.2594,17.4381
2015-07-22,17.2963,17.4756
2015-07-23,17.2193,17.3986
2015-07-24,17.0473,17.225
2015-07-27,16.7961,16.9719
2015-07-28,16.7922,16.9681
2015-07-29,16.8782,17.0553
2015-07-30,16.9537,17.1318
2015-07-31,17.0161,17.1952
2015-08-03,17.1846,17.3661
2015-08-04,17.2328,17.4151
2015-08-05,17.1988,17.3809
2015-08-06,17.302,17.4855
2015-08-07,17.2659,17.4492
2015-08-10,17.1848,17.3679
2015-08-11,17.134,17.3169
2015-08-12,16.9663,17.1477
2015-08-13,16.921,17.1021
2015-08-14,17.0461,17.2288
2015-08-17,17.061,17.2445
2015-08-18,17.0811,17.265
2015-08-19,17.1383,17.3231
2015-08-20,16.9682,17.1514
2015-08-21,16.8378,17.0198
2015-08-24,16.0449,16.2191
2015-08-25,16.1409,16.3163
2015-08-26,16.0355,16.21
2015-08-27,16.3854,16.5639
2015-08-28,16.4272,16.6064
2015-08-31,16.4076,16.5872
2015-09-01,16.1979,16.3755
2015-09-02,16.067,16.2434
2015-09-03,16.1965,16.3746
2015-09-04,15.9882,16.1642
2015-09-07,15.7663,15.9404
2015-09-08,15.9194,16.0955
2015-09-09,16.1334,16.3121
2015-09-10,16.1269,16.3057
2015-09-11,16.1804,16.36
2015-09-14,16.2956,16.4771
2015-09-15,16.1062,16.2858
2015-09-16,16.1741,16.3547
2015-09-18,16.3258,16.5086
2015-09-21,16.24,16.4225
2015-09-22,16.1483,16.33
2015-09-23,16.074,16.255
2015-09-24,16.0749,16.2562
2015-09-28,16.0451,16.227
2015-09-29,15.8892,16.0695
2015-09-30,15.9544,16.1357
2015-10-01,15.9632,16.1448
2015-10-05,16.2018,16.387
2015-10-06,16.2809,16.4672
2015-10-07,16.2719,16.4584
2015-10-08,16.2387,16.425
2015-10-09,16.3264,16.5139
2015-10-12,16.3332,16.5215
2015-10-13,16.4415,16.6312
2015-10-14,16.5396,16.7306
2015-10-15,16.6103,16.8024
2015-10-16,16.6577,16.8506
2015-10-19,16.6604,16.854
2015-10-20,16.7312,16.9259
2015-10-21,16.6606,16.8546
2015-10-23,16.7462,16.9417
2015-10-26,17.001,17.2001
2015-10-27,17.085,17.2854
2015-10-28,16.966,17.1653
2015-10-29,17.0488,17.2493
2015-10-30,17.0911,17.2922
2015-11-02,17.1968,17.3999
2015-11-03,17.2548,17.4589
2015-11-04,17.186,17.3896
2015-11-05,17.1223,17.3254
2015-11-06,16.9956,17.1974
2015-11-09,16.9887,17.1912
2015-11-10,16.8592,17.0605
2015-11-13,16.9081,17.1115
2015-11-16,16.9011,17.1051
2015-11-17,16.9964,17.2018
2015-11-18,16.9001,17.1046
2015-11-19,17.0582,17.2649
2015-11-20,17.1019,17.3094
2015-11-23,17.2114,17.421
2015-11-24,17.2114,17.4213
2015-11-26,17.4247,17.6377
2015-11-27,17.4566,17.6701
2015-11-30,17.5993,17.8154
2015-12-01,17.5048,17.72
2015-12-02,17.5466,17.7626
2015-12-03,17.5072,17.723
2015-12-04,17.4171,17.632
2015-12-07,17.4711,17.6875
2015-12-08,17.3581,17.5734
2015-12-09,17.1597,17.3727
2015-12-10,17.2008,17.4146
2015-12-11,17.0818,17.2944
2015-12-14,16.9986,17.211
2015-12-15,17.1005,17.3142
2015-12-16,17.1744,17.3893
2015-12-17,17.3227,17.5397
2015-12-18,17.2597,17.4762
2015-12-21,17.262,17.4792
2015-12-22,17.3551,17.5738
2015-12-23,17.4319,17.6517
2015-12-24,17.4068,17.6266
2015-12-28,17.4883,17.7102
2015-12-29,17.5162,17.7387
2015-12-30,17.5629,17.7863
2015-12-31,17.5497,17.7732
2016-01-01,17.5077,17.7309
2016-01-04,17.3972,17.6198
2016-01-05,17.3556,17.5779
2016-01-06,17.3372,17.5596
2016-01-07,17.0647,17.2838
2016-01-08,17.0324,17.2514
2016-01-11,16.9106,17.1288
2016-01-12,16.8564,17.0742
2016-01-13,16.7327,16.9492
2016-01-14,16.5139,16.7277
2016-01-15,16.3445,16.5564
2016-01-18,15.7909,15.9963
2016-01-19,16.0102,16.2189
2016-01-20,15.9,16.1072
2016-01-21,15.9166,16.1241
2016-01-22,16.1022,16.3124
2016-01-25,16.2383,16.451
2016-01-27,16.2327,16.4458
2016-01-28,16.1851,16.3986
2016-01-29,16.3756,16.5919
2016-02-01,16.4431,16.6609
2016-02-02,16.3857,16.6031
2016-02-03,16.23,16.4455
2016-02-04,16.1399,16.3545
2016-02-05,16.1542,16.3692
2016-02-08,16.1083,16.3234
2016-02-09,15.998,16.2121
2016-02-10,15.8752,16.0879
2016-02-11,15.4828,15.6903
2016-02-12,15.3812,15.5877
2016-02-15,15.729,15.9409
2016-02-16,15.5176,15.7268
2016-02-17,15.621,15.8319
2016-02-18,15.791,16.0044
2016-02-19,15.7542,15.9674
2016-02-22,15.7806,15.9948
2016-02-23,15.7182,15.9318
2016-02-24,15.521,15.7322
2016-02-25,15.4533,15.6638
2016-02-26,15.5044,15.7158
2016-02-29,15.4451,15.6564
2016-03-01,15.6239,15.8379
2016-03-02,15.9295,16.1479
2016-03-03,15.9847,16.2041
2016-03-04,16.0172,16.2373
2016-03-08,15.9791,16.1997
2016-03-09,16.005,16.2262
2016-03-10,15.9838,16.2049
2016-03-11,16.036,16.258
2016-03-14,16.1368,16.3609
2016-03-15,16.1136,16.3377
2016-03-16,16.1863,16.4116
2016-03-17,16.2848,16.5118
2016-03-18,16.3852,16.6138
2016-03-21,16.4913,16.7221
2016-03-22,16.5298,16.7614
2016-03-23,16.5986,16.8314
2016-03-28,16.4712,16.7035
2016-03-29,16.5617,16.7953
2016-03-30,16.7681,17.005
2016-03-31,16.8282,17.0661
2016-04-01,16.7914,17.0291
2016-04-04,16.8078,17.0465
2016-04-05,16.6901,16.9273
2016-04-06,16.6083,16.8446
2016-04-07,16.591,16.8273
2016-04-08,16.6001,16.8369
2016-04-11,16.6705,16.909
2016-04-12,16.6961,16.9352
2016-04-13,16.8833,17.1254
2016-04-18,17.1349,17.382
2016-04-20,17.1247,17.3721
2016-04-21,17.158,17.4061
2016-04-22,17.1666,17.4152
2016-04-25,16.9854,17.2321
2016-04-26,16.9877,17.2348
2016-04-27,16.932,17.1785
2016-04-28,16.9467,17.1937
2016-04-29,16.9071,17.1537
2016-05-02,16.8866,17.1338
2016-05-03,16.8573,17.1043
2016-05-04,16.7969,17.0432
2016-05-05,16.6992,16.9444
2016-05-06,16.7381,16.9841
2016-05-09,16.8464,17.0948
2016-05-10,16.9159,17.1656
2016-05-11,16.9806,17.2315
2016-05-12,17.1157,17.3688
2016-05-13,17.073,17.3258
2016-05-16,17.0521,17.3054
2016-05-17,17.1136,17.3681
2016-05-18,17.0709,17.325
2016-05-19,16.9766,17.2295
2016-05-20,16.7887,17.0392
2016-05-23,16.8407,17.0928
2016-05-24,16.8279,17.08
2016-05-25,16.9783,17.2329
2016-05-26,17.1467,17.4042
2016-05-27,17.1656,17.4235
2016-05-30,17.2231,17.4826
2016-05-31,17.1897,17.4491
2016-06-01,17.184,17.4435
2016-06-02,17.1423,17.4014
2016-06-03,17.1737,17.4335
2016-06-06,17.1381,17.3983
2016-06-07,17.2738,17.5363
2016-06-08,17.3178,17.5812
2016-06-09,17.381,17.6456
2016-06-10,17.3422,17.6065
2016-06-13,17.199,17.4619
2016-06-14,17.1814,17.4443
2016-06-15,17.2047,17.4682
2016-06-16,17.3021,17.5674
2016-06-17,17.2987,17.5641
2016-06-20,17.2296,17.4949
2016-06-21,17.2938,17.5603
2016-06-22,17.3043,17.5712
2016-06-23,17.3136,17.581
2016-06-24,17.1723,17.4377
2016-06-27,17.0791,17.344
2016-06-28,16.9944,17.2582
2016-06-29,17.1568,17.4234
2016-06-30,17.2837,17.5526
2016-07-01,17.3186,17.5883
2016-07-04,17.465,17.7378
2016-07-05,17.3993,17.6714
2016-07-07,17.3908,17.6633
2016-07-08,17.3822,17.6548
2016-07-11,17.5736,17.85
2016-07-12,17.6325,17.9102
2016-07-13,17.6559,17.9342
2016-07-14,17.5989,17.8766
2016-07-15,17.5632,17.8406
2016-07-18,17.5142,17.7917
2016-07-19,17.6746,17.9548
2016-07-20,17.7328,18.0143
2016-07-21,17.7388,18.0206
2016-07-22,17.7723,18.055
2016-07-25,17.8446,18.1292
2016-07-26,17.9157,18.2017
2016-07-27,17.9335,18.2201
2016-07-28,18.0633,18.3523
2016-07-29,18.0593,18.3486
2016-08-01,18.0478,18.3375
2016-08-02,18.0453,18.3353
2016-08-03,17.9163,18.2044
2016-08-04,17.8965,18.1847
2016-08-05,18.1022,18.394
2016-08-08,18.1868,18.4807
2016-08-09,18.0862,18.3788
2016-08-10,17.9934,18.2848
2016-08-11,18.0222,18.3143
2016-08-12,18.12,18.414
2016-08-16,18.0599,18.3541
2016-08-17,18.014,18.3077
2016-08-18,18.1246,18.4204
2016-08-19,18.1673,18.4641
2016-08-22,18.1568,18.4543
2016-08-23,18.1704,18.4684
2016-08-24,18.2987,18.5991
2016-08-25,18.2844,18.5848
2016-08-26,18.3209,18.6223
2016-08-29,18.3498,18.6524
2016-08-30,18.4665,18.7714
2016-08-31,18.5351,18.8414
2016-09-01,18.4201,18.7248
2016-09-02,18.4634,18.7691
2016-09-06,18.6069,18.9162
2016-09-07,18.5967,18.9061
2016-09-08,18.6268,18.9369
2016-09-09,18.5216,18.8304
2016-09-12,18.2398,18.5446
2016-09-14,18.2773,18.5834
2016-09-15,18.2514,18.5574
2016-09-16,18.3588,18.6669
2016-09-19,18.2695,18.5769
2016-09-20,18.253,18.5605
2016-09-21,18.2905,18.5989
2016-09-22,18.4353,18.7464
2016-09-23,18.4365,18.7479
2016-09-26,18.3224,18.6328
2016-09-27,18.2743,18.5842
2016-09-28,18.3563,18.6678
2016-09-29,18.2059,18.5152
2016-09-30,18.2937,18.6047
2016-10-03,18.4743,18.7893
2016-10-04,18.6165,18.9342
2016-10-05,18.6899,19.0092
2016-10-06,18.7543,19.075
2016-10-07,18.7868,19.1083
2016-10-10,18.7694,19.0915
2016-10-13,18.6953,19.017
2016-10-14,18.8496,19.1743
2016-10-17,18.9575,19.285
2016-10-18,19.054,19.3835
2016-10-19,19.0461,19.3756
2016-10-20,19.0699,19.4001
2016-10-21,19.0702,19.4007
2016-10-24,19.0927,19.4246
2016-10-25,19.1693,19.5028
2016-10-26,18.98,19.3106
2016-10-27,18.6983,19.0242
2016-10-28,18.7473,19.0744
2016-11-01,18.7368,19.0649
2016-11-02,18.6017,18.9277
2016-11-03,18.5107,18.8354
2016-11-04,18.3278,18.6496
2016-11-07,18.3382,18.661
2016-11-08,18.5191,18.8454
2016-11-09,18.4901,18.8162
2016-11-10,18.6181,18.9468
2016-11-11,18.3257,18.6495
2016-11-15,17.8378,18.1541
2016-11-16,17.8944,18.212
2016-11-17,17.8574,18.1747
2016-11-18,17.8776,18.1954
2016-11-21,17.6808,17.9961
2016-11-22,17.7826,18.0998
2016-11-23,17.8452,18.1639
2016-11-24,17.8698,18.1892
2016-11-25,17.9228,18.2435
2016-11-28,17.9423,18.2642
2016-11-29,17.9932,18.3164
2016-11-30,18.1707,18.4973
2016-12-01,18.1371,18.4634
2016-12-02,18.0024,18.3265
2016-12-05,17.988,18.3127
2016-12-06,18.078,18.4046
2016-12-07,18.0067,18.3324
2016-12-08,18.2047,18.5342
2016-12-09,18.2156,18.5456
2016-12-12,18.2381,18.5693
2016-12-13,18.2139,18.5449
2016-12-14,18.2575,18.5897
2016-12-15,18.2598,18.5923
2016-12-16,18.271,18.604
2016-12-19,18.1892,18.5217
2016-12-20,18.1227,18.4542
2016-12-21,18.1188,18.4505
2016-12-22,17.944,18.2728
2016-12-23,17.9286,18.2574
2016-12-26,17.8247,18.1524
2016-12-27,17.8723,18.2012
2016-12-28,17.9884,18.3198
2016-12-29,18.0407,18.3732
2016-12-30,18.1245,18.4589
2017-01-02,18.0626,18.3968
2017-01-03,18.1296,18.4653
2017-01-04,18.163,18.4996
2017-01-05,18.2476,18.586
2017-01-06,18.2574,18.5963
2017-01-09,18.2942,18.6347
2017-01-10,18.302,18.6429
2017-01-11,18.4007,18.7438
2017-01-12,18.3797,18.7226
2017-01-13,18.3518,18.6945
2017-01-16,18.3443,18.6878
2017-01-17,18.4163,18.7614
2017-01-18,18.4716,18.818
2017-01-19,18.4571,18.8035
2017-01-20,18.3437,18.6883
2017-01-23,18.3481,18.6936
2017-01-24,18.4874,18.8359
2017-01-25,18.6212,18.9725
2017-01-27,18.778,19.1329
2017-01-30,18.7925,19.1486
2017-01-31,18.6466,19.0001
2017-02-01,18.7284,19.0838
2017-02-02,18.7537,19.1099
2017-02-03,18.8009,19.1583
2017-02-06,18.9523,19.3135
2017-02-07,18.9738,19.3356
2017-02-08,18.9627,19.3247
2017-02-09,19.0157,19.3789
2017-02-10,18.958,19.3205
2017-02-13,18.9527,19.316
2017-02-14,18.9724,19.3364
2017-02-15,18.9644,19.3286
2017-02-16,19.0317,19.3974
2017-02-17,19.0538,19.4202
2017-02-20,19.1233,19.492
2017-02-21,19.2038,19.5744
2017-02-22,19.1946,19.5653
2017-02-23,19.2299,19.6015
2017-02-27,19.2566,19.63
2017-02-28,19.2863,19.6606
2017-03-01,19.3452,19.7209
2017-03-02,19.3851,19.7618
2017-03-03,19.3421,19.7183
2017-03-06,19.3662,19.7437
2017-03-07,19.3608,19.7386
2017-03-08,19.3244,19.7017
2017-03-09,19.3185,19.6961
2017-03-10,19.2807,19.6579
2017-03-14,19.4171,19.7982
2017-03-15,19.4217,19.8031
2017-03-16,19.5158,19.8994
2017-03-17,19.5563,19.9411
2017-03-20,19.542,19.9274
2017-03-21,19.4958,19.8806
2017-03-22,19.3301,19.7119
2017-03-23,19.329,19.7111
2017-03-24,19.3309,19.7134
2017-03-27,19.3707,19.7549
2017-03-28,19.469,19.8555
2017-03-29,19.5795,19.9684
2017-03-30,19.5887,19.9781
2017-03-31,19.5487,19.9376
2017-04-03,19.5893,19.9799
2017-04-05,19.5994,19.9909
2017-04-06,19.5218,19.9121
2017-04-07,19.456,19.8454
2017-04-10,19.4713,19.8621
2017-04-11,19.5468,19.9393
2017-04-12,19.4906,19.8824
2017-04-13,19.5079,19.9003
2017-04-17,19.5466,19.9411
2017-04-18,19.5907,19.9864
2017-04-19,19.5618,19.9572
2017-04-20,19.5358,19.931
2017-04-21,19.5605,19.9565
2017-04-24,19.6414,20.04
2017-04-25,19.8627,20.2661
2017-04-26,19.9444,20.3498
2017-04-27,19.9148,20.3199
2017-04-28,19.9249,20.3305
2017-05-02,19.9621,20.3697
2017-05-03,19.8994,20.3061
2017-05-04,20.0143,20.4236
2017-05-05,19.9553,20.3637
2017-05-08,20.0234,20.4342
2017-05-09,20.0359,20.4473
2017-05-10,20.1242,20.5377
2017-05-11,20.0609,20.4734
2017-05-12,20.0094,20.4212
2017-05-15,20.0771,20.4913
2017-05-16,20.1683,20.5846
2017-05-17,20.2623,20.6809
2017-05-18,20.0375,20.4518
2017-05-19,19.9896,20.4032
2017-05-22,19.9677,20.3818
2017-05-23,19.9217,20.3351
2017-05-24,19.869,20.2817
2017-05-25,20.0351,20.4516
2017-05-26,20.1669,20.5865
2017-05-29,20.1283,20.548
2017-05-30,20.2545,20.6771
2017-05-31,20.3315,20.7561
2017-06-01,20.3644,20.79
2017-06-02,20.412,20.839
2017-06-05,20.4783,20.9076
2017-06-06,20.5382,20.9691
2017-06-07,20.5944,21.0268
2017-06-08,20.6298,21.0633
2017-06-09,20.6793,21.1142
2017-06-12,20.5534,20.9866
2017-06-13,20.5731,21.007
2017-06-14,20.621,21.0562
2017-06-15,20.6119,21.0473
2017-06-16,20.6216,21.0575
2017-06-19,20.7124,21.1512
2017-06-20,20.8329,21.2746
2017-06-21,20.8346,21.2767
2017-06-22,20.8134,21.2553
2017-06-23,20.7203,21.1607
2017-06-27,20.5825,21.0212
2017-06-28,20.5066,20.944
2017-06-29,20.6532,21.0941
2017-06-30,20.6096,21.0498
2017-07-03,20.6325,21.0743
2017-07-04,20.6171,21.0588
2017-07-05,20.7146,21.1587
2017-07-06,20.7784,21.2242
2017-07-07,20.7286,21.1737
2017-07-10,20.7873,21.2347
2017-07-11,20.843,21.2919
2017-07-12,20.9021,21.3525
2017-07-13,20.987,21.4396
2017-07-14,20.9679,21.4205
2017-07-17,21.0216,21.4763
2017-07-18,21.0294,21.4846
2017-07-19,21.1274,21.585
2017-07-20,21.1612,21.6199
2017-07-21,21.2189,21.6792
2017-07-24,21.1715,21.6318
2017-07-25,21.1882,21.6492
2017-07-26,21.1083,21.5679
2017-07-27,21.1949,21.6567
2017-07-28,21.129,21.5897
2017-07-31,21.2035,21.6668
2017-08-01,21.1692,21.6321
2017-08-02,21.1483,21.6111
2017-08-03,21.0401,21.5009
2017-08-04,21.04,21.5011
2017-08-07,21.2522,21.719
2017-08-08,21.1774,21.6429
2017-08-09,21.0585,21.5216
2017-08-10,20.804,21.2619
2017-08-11,20.7029,21.1589
2017-08-14,20.9463,21.4087
2017-08-16,21.1236,21.5907
2017-08-17,21.091,21.5577
2017-08-18,20.9998,21.4647
2017-08-21,20.9228,21.3871
2017-08-22,20.9157,21.3801
2017-08-23,21.1658,21.6361
2017-08-24,21.2125,21.6842
2017-08-28,21.2691,21.7434
2017-08-29,21.2929,21.7681
2017-08-30,21.375,21.8524
2017-08-31,21.3952,21.8733
2017-09-01,21.52,22.0013
2017-09-04,21.3968,21.8765
2017-09-05,21.4989,21.9812
2017-09-06,21.3413,21.8204
2017-09-07,21.5423,22.0263
2017-09-08,21.6866,22.1743
2017-09-11,21.801,22.2923
2017-09-12,21.9125,22.4067
2017-09-13,21.7942,22.286
2017-09-14,21.8154,22.308
2017-09-15,21.8609,22.3549
2017-09-18,21.9703,22.4678
2017-09-19,21.9954,22.4938
2017-09-20,21.9765,22.4748
2017-09-21,22.0512,22.5515
2017-09-22,21.7612,22.2553
2017-09-25,21.696,22.1897
2017-09-26,21.7431,22.2382
2017-09-27,21.6861,22.1802
2017-09-28,21.9031,22.4026
2017-09-29,21.9926,22.4944
2017-10-03,22.0758,22.581
2017-10-04,22.0418,22.5466
2017-10-05,21.9987,22.5029
2017-10-06,22.0852,22.5917
2017-10-09,22.0838,22.5913
2017-10-10,22.2062,22.7168
2017-10-11,22.1992,22.7101
2017-10-12,22.3317,22.8459
2017-10-13,22.3873,22.9032
2017-10-16,22.4057,22.923
2017-10-17,22.3758,22.8927
2017-10-18,22.3159,22.8318
2017-10-23,22.3952,22.9147
2017-10-24,22.3081,22.826
2017-10-25,22.3215,22.8401
2017-10-26,22.3326,22.8518
2017-10-27,22.3836,22.9043
2017-10-30,22.6056,23.1326
2017-10-31,22.6396,23.1678
2017-11-01,22.6968,23.2267
2017-11-02,22.7084,23.2389
2017-11-03,22.6925,23.223
2017-11-06,22.7173,23.2493
2017-11-07,22.6406,23.1712
2017-11-08,22.636,23.1668
2017-11-09,22.6972,23.2299
2017-11-10,22.8157,23.3515
2017-11-13,22.7631,23.2987
2017-11-14,22.7241,23.2593
2017-11-15,22.6295,23.1628
2017-11-16,22.5747,23.1071
2017-11-17,22.6638,23.1986
2017-11-20,22.7115,23.2486
2017-11-21,22.8368,23.3772
2017-11-22,22.9003,23.4425
2017-11-23,22.8382,23.3792
2017-11-24,22.8612,23.4031
2017-11-27,22.926,23.4706
2017-11-28,22.9847,23.531
2017-11-29,22.9482,23.4941
2017-11-30,22.8816,23.4262
2017-12-01,22.8693,23.414
2017-12-04,22.8536,23.399
2017-12-05,22.8294,23.3745
2017-12-06,22.7914,23.336
2017-12-07,22.9112,23.459
2017-12-08,23.123,23.6763
2017-12-11,23.0909,23.6445
2017-12-12,23.0374,23.5901
2017-12-13,23.0431,23.5963
2017-12-14,23.066,23.6201
2017-12-15,23.1972,23.7548
2017-12-18,23.3069,23.8682
2017-12-19,23.4269,23.9915
2017-12-20,23.3678,23.9313
2017-12-21,23.3282,23.8911
2017-12-22,23.2965,23.8591
2017-12-26,23.3562,23.9216
2017-12-27,23.2728,23.8366
2017-12-28,23.346,23.912
2017-12-29,23.4467,24.0155
2018-01-01,23.4327,24.0022
2018-01-02,23.3195,23.8867
2018-01-03,23.393,23.9624
2018-01-04,23.497,24.0692
2018-01-05,23.683,24.2602
2018-01-08,23.8013,24.3825
2018-01-09,23.8074,24.389
2018-01-10,23.8692,24.4527
2018-01-11,23.8568,24.4403
2018-01-12,23.9322,24.5179
2018-01-15,23.953,24.5405
2018-01-16,23.9032,24.4898
2018-01-17,23.977,24.5658
2018-01-18,23.9591,24.5478
2018-01-19,24.0882,24.6804
2018-01-22,24.1691,24.7645
2018-01-23,24.2978,24.8968
2018-01-24,24.3278,24.9279
2018-01-25,24.2844,24.8838
2018-01-29,24.2626,24.8629
2018-01-30,24.1604,24.7586
2018-01-31,24.0565,24.6526
2018-02-01,24.0194,24.6148
2018-02-02,23.7144,24.3026
2018-02-05,23.364,23.9446
2018-02-06,22.9449,23.5155
2018-02-07,23.1755,23.7522
2018-02-08,23.3147,23.8953
2018-02-09,23.0323,23.6062
2018-02-12,23.155,23.733
2018-02-14,23.3199,23.9028
2018-02-15,23.3398,23.9235
2018-02-16,23.3131,23.8965
2018-02-19,23.2639,23.8472
2018-02-20,23.2803,23.8643
2018-02-21,23.2676,23.8517
2018-02-22,23.2959,23.881
2018-02-23,23.4629,24.0526
2018-02-26,23.6398,24.235
2018-02-27,23.7099,24.3072
2018-02-28,23.564,24.158
2018-03-01,23.4335,24.0247
2018-03-05,23.2003,23.787
2018-03-06,23.2227,23.8103
2018-03-07,23.1413,23.7273
2018-03-08,23.2239,23.8123
2018-03-09,23.2336,23.8226
2018-03-12,23.4347,24.0299
2018-03-13,23.4804,24.0771
2018-03-14,23.3366,23.93
2018-03-15,23.3904,23.9856
2018-03-16,23.2472,23.839
2018-03-19,23.0488,23.6366
2018-03-20,22.8776,23.4615
2018-03-21,22.8356,23.4188
2018-03-22,22.7404,23.3215
2018-03-23,22.4212,22.9944
2018-03-26,22.4826,23.0584
2018-03-27,22.5954,23.1745
2018-03-28,22.3516,22.9248
2018-04-02,22.5325,23.1121
2018-04-03,22.4876,23.0664
2018-04-04,22.4662,23.0448
2018-04-05,22.6539,23.2377
2018-04-06,22.8655,23.4551
2018-04-09,22.8735,23.4644
2018-04-10,22.9069,23.499
2018-04-11,22.9655,23.5595
2018-04-12,22.9806,23.5754
2018-04-13,23.0336,23.6301
2018-04-16,23.0894,23.6884
2018-04-17,23.1411,23.7419
2018-04-18,23.1862,23.7885
2018-04-19,23.1665,23.7685
2018-04-20,23.2436,23.848
2018-04-23,23.1724,23.7761
2018-04-24,23.2715,23.8781
2018-04-25,23.0798,23.6817
2018-04-26,23.0943,23.697
2018-04-27,23.3719,23.9822
2018-04-30,23.4901,24.1046
2018-05-02,23.3394,23.9507
2018-05-03,23.2724,23.8823
2018-05-04,23.2114,23.8201
2018-05-07,23.3317,23.9446
2018-05-08,23.3707,23.985
2018-05-09,23.4069,24.0225
2018-05-10,23.4294,24.046
2018-05-11,23.5719,24.1926
2018-05-14,23.6137,24.2366
2018-05-15,23.6663,24.2909
2018-05-16,23.652,24.2766
2018-05-17,23.7473,24.3748
2018-05-18,23.6629,24.2885
2018-05-21,23.3922,24.0117
2018-05-22,23.6428,24.2693
2018-05-23,23.5657,24.1905
2018-05-24,23.5761,24.2017
2018-05-25,23.6697,24.298
2018-05-28,23.6857,24.3155
2018-05-29,23.6647,24.2944
2018-05-30,23.6646,24.2946
2018-05-31,23.6626,24.293
2018-06-01,23.6354,24.2655
2018-06-04,23.6283,24.2593
2018-06-05,23.5238,24.1523
2018-06-06,23.6061,24.2372
2018-06-07,23.7208,24.3553
2018-06-08,23.8498,24.4881
2018-06-11,23.9657,24.6082
2018-06-12,24.1694,24.8178
2018-06-13,24.1514,24.7997
2018-06-14,24.1803,24.8297
2018-06-15,24.2186,24.8694
2018-06-18,24.2893,24.9431
2018-06-19,24.2863,24.9404
2018-06-20,24.2896,24.9442
2018-06-21,24.3583,25.0151
2018-06-22,24.3321,24.9886
2018-06-25,24.3703,25.029
2018-06-26,24.1171,24.7693
2018-06-27,23.9798,24.6289
2018-06-28,23.6635,24.3044
2018-06-29,23.8433,24.4894
2018-07-02,23.8399,24.487
2018-07-03,23.9163,24.566
2018-07-04,24.12,24.7756
2018-07-05,24.1699,24.8273
2018-07-06,24.3974,25.0613
2018-07-09,24.5907,25.261
2018-07-10,24.6922,25.3657
2018-07-11,24.6341,25.3064
2018-07-12,24.6366,25.3093
2018-07-13,24.6521,25.3257
2018-07-16,24.4965,25.1669
2018-07-17,24.5317,25.2035
2018-07-18,24.6208,25.2953
2018-07-19,24.6211,25.296
2018-07-20,24.7716,25.451
2018-07-23,24.7824,25.4632
2018-07-24,24.892,25.5762
2018-07-25,24.9971,25.6847
2018-07-26,25.1158,25.807
2018-07-27,24.9298,25.6163
2018-07-30,24.829,25.5139
2018-07-31,24.7828,25.4667
2018-08-01,24.8096,25.4946
2018-08-02,24.812,25.4975
2018-08-03,25.0788,25.772
2018-08-06,25.1388,25.8349
2018-08-07,25.2512,25.9508
2018-08-08,25.2858,25.9868
2018-08-09,25.3014,26.0032
2018-08-10,25.2096,25.9092
2018-08-13,25.0641,25.7608
2018-08-14,25.2295,25.9312
2018-08-16,25.3139,26.0185
2018-08-17,25.3369,26.0426
2018-08-20,25.3355,26.0423
2018-08-21,25.3401,26.0474
2018-08-23,25.3875,26.0969
2018-08-24,25.353,26.0619
2018-08-27,25.5419,26.2572
2018-08-28,25.7038,26.424
2018-08-29,25.7314,26.4529
2018-08-30,25.7925,26.5161
2018-08-31,25.747,26.4697
2018-09-03,25.6199,26.3399
2018-09-04,25.5142,26.2316
2018-09-05,25.2735,25.9845
2018-09-06,25.3681,26.0822
2018-09-07,25.4005,26.1159
2018-09-10,25.2657,25.9784
2018-09-11,25.178,25.889
2018-09-12,25.151,25.8616
2018-09-14,25.2082,25.9212
2018-09-17,25.0392,25.7486
2018-09-18,24.8585,25.5631
2018-09-19,24.8392,25.5436
2018-09-21,24.7747,25.4779
2018-09-24,24.5524,25.2504
2018-09-25,24.5963,25.296
2018-09-26,24.5971,25.2972
2018-09-27,24.4082,25.1033
2018-09-28,24.3976,25.0927
2018-10-01,24.317,25.0111
2018-10-03,24.203,24.8945
2018-10-04,24.0763,24.7645
2018-10-05,23.6767,24.3539
2018-10-08,23.376,24.0456
2018-10-09,23.3565,24.0259
2018-10-10,23.5432,24.2182
2018-10-11,23.1103,23.7732
2018-10-12,23.2371,23.904
2018-10-15,23.3958,24.0684
2018-10-16,23.438,24.1122
2018-10-17,23.4478,24.1226
2018-10-19,23.1699,23.8373
2018-10-22,23.0352,23.6998
2018-10-23,22.9709,23.6342
2018-10-24,22.9721,23.6359
2018-10-25,22.6363,23.2909
2018-10-26,22.766,23.4248
2018-10-29,22.8366,23.4989
2018-10-30,22.6886,23.3472
2018-10-31,22.9609,23.6279
2018-11-01,23.1654,23.8388
2018-11-02,23.1625,23.8364
2018-11-05,23.0867,23.7599
2018-11-06,22.871,23.5384
2018-11-09,23.0313,23.705
2018-11-12,22.9557,23.6286
2018-11-13,22.8513,23.5216
2018-11-14,22.8518,23.5227
2018-11-15,22.9334,23.6072
2018-11-16,23.1509,23.8317
2018-11-19,23.1587,23.8412
2018-11-20,22.8649,23.5392
2018-11-21,22.8399,23.514
2018-11-22,22.9132,23.59
2018-11-26,22.9383,23.6178
2018-11-27,23.1132,23.7984
2018-11-28,23.1892,23.8769
2018-11-29,23.35,24.043
2018-11-30,23.4565,24.1532
2018-12-03,23.5022,24.2018
2018-12-04,23.5272,24.2282
2018-12-05,23.2662,23.9598
2018-12-06,23.2188,23.9116
2018-12-07,23.2752,23.9702
2018-12-10,23.0541,23.744
2018-12-11,23.1282,23.8208
2018-12-12,23.3444,24.0439
2018-12-13,23.4935,24.198
2018-12-14,23.45,24.1537
2018-12-17,23.4105,24.1146
2018-12-18,23.3185,24.0203
2018-12-19,23.4552,24.1616
2018-12-20,23.3708,24.0753
2018-12-21,23.1982,23.8979
2018-12-24,22.9903,23.6853
2018-12-26,22.9455,23.6402
2018-12-27,23.2105,23.9137
2018-12-28,23.3188,24.0258
2018-12-31,23.3458,24.0551
2019-01-01,23.4287,24.1411
2019-01-02,23.3263,24.0361
2019-01-03,23.2909,24.0002
2019-01-04,23.0795,23.7828
2019-01-07,23.2736,23.9844
2019-01-08,23.3231,24.0359
2019-01-09,23.451,24.1682
2019-01-10,23.5037,24.223
2019-01-11,23.5489,24.2701
2019-01-14,23.4846,24.2054
2019-01-15,23.4671,24.1879
2019-01-16,23.5556,24.2797
2019-01-17,23.5851,24.3106
2019-01-18,23.5304,24.2547
2019-01-21,23.5798,24.3072
2019-01-22,23.5471,24.2741
2019-01-23,23.4239,24.1475
2019-01-24,23.4704,24.196
2019-01-25,23.4058,24.1299
2019-01-28,23.359,24.0831
2019-01-29,23.3151,24.0384
2019-01-30,23.4489,24.1769
2019-01-31,23.626,24.36
2019-02-01,23.9566,24.7014
2019-02-04,24.0043,24.7521
2019-02-05,24.0919,24.843
2019-02-06,24.2042,24.9593
2019-02-07,24.2188,24.975
2019-02-08,23.9731,24.7221
2019-02-11,23.9542,24.7042
2019-02-12,23.9008,24.6497
2019-02-13,24.0065,24.7591
2019-02-14,24.0545,24.8092
2019-02-15,23.9533,24.7053
2019-02-18,23.8653,24.6162
2019-02-19,23.8964,24.6488
2019-02-20,23.953,24.7077
2019-02-21,24.0041,24.7609
2019-02-22,23.9223,24.677
2019-02-25,24.0532,24.8137
2019-02-26,24.1231,24.8863
2019-02-27,24.1827,24.9483
2019-02-28,24.1621,24.9276
2019-03-01,24.2139,24.9816
2019-03-05,24.4677,25.2455
2019-03-06,24.5001,25.2795
2019-03-07,24.4928,25.2726
2019-03-08,24.4028,25.1803
2019-03-11,24.5841,25.369
2019-03-12,24.8964,25.6917
2019-03-13,24.8188,25.6122
2019-03-14,24.8477,25.6426
2019-03-15,24.8555,25.6512
2019-03-18,24.7651,25.5595
2019-03-19,24.7808,25.5763
2019-03-20,24.8249,25.6223
2019-03-22,24.8601,25.6598
2019-03-25,24.6471,25.4415
2019-03-26,24.7262,25.5237
2019-03-27,24.7371,25.5355
2019-03-28,24.9488,25.7546
2019-03-29,24.9254,25.7309
2019-04-01,24.9035,25.71
2019-04-02,25.0143,25.825
2019-04-03,25.0076,25.8185
2019-04-04,24.9726,25.783
2019-04-05,25.1116,25.9271
2019-04-08,25.0174,25.8314
2019-04-09,25.0255,25.8404
2019-04-10,24.9707,25.7843
2019-04-11,24.9696,25.7837
2019-04-12,25.0247,25.8412
2019-04-15,25.0919,25.9122
2019-04-16,25.2085,26.0332
2019-04-18,25.3136,26.1428
2019-04-22,25.2473,26.0766
2019-04-23,25.3124,26.1443
2019-04-24,25.4036,26.2391
2019-04-25,25.2957,26.1283
2019-04-26,25.3642,26.1996
2019-04-30,25.2656,26.0999
2019-05-02,25.0615,25.8902
2019-05-03,25.0332,25.8615
2019-05-06,25.0132,25.8424
2019-05-07,24.9328,25.76
2019-05-08,24.6811,25.5004
2019-05-09,24.6692,25.4886
2019-05-10,24.5899,25.4072
2019-05-13,24.494,25.3097
2019-05-14,24.4649,25.2801
2019-05-15,24.3836,25.1967
2019-05-16,24.5683,25.3881
2019-05-17,24.7679,25.5949
2019-05-20,24.8874,25.72
2019-05-21,24.7351,25.5631
2019-05-22,24.9039,25.7381
2019-05-23,24.8215,25.6535
2019-05-24,24.9387,25.7751
2019-05-27,25.13,25.9745
2019-05-28,25.1014,25.9455
2019-05-29,25.0971,25.9417
2019-05-30,25.081,25.9255
2019-05-31,25.0495,25.8935
2019-06-03,25.0622,25.9083
2019-06-04,24.7938,25.6314
2019-06-06,24.7942,25.6329
2019-06-07,24.905,25.7479
2019-06-10,25.0806,25.9311
2019-06-11,25.307,26.1658
2019-06-12,25.2813,26.1397
2019-06-13,25.2017,26.058
2019-06-14,25.1399,25.9947
2019-06-17,25.0003,25.852
2019-06-18,25.0979,25.9534
2019-06-19,25.1245,25.9815
2019-06-20,25.2346,26.0959
2019-06-21,25.2247,26.0862
2019-06-24,25.208,26.0706
2019-06-25,25.2514,26.116
2019-06-26,25.1911,26.0542
2019-06-27,25.2291,26.094
2019-06-28,25.2147,26.0797
2019-07-01,25.3626,26.2343
2019-07-02,25.4132,26.2872
2019-07-03,25.4795,26.3563
2019-07-04,25.5405,26.42
2019-07-05,25.3638,26.2377
2019-07-08,25.0479,25.9126
2019-07-09,25.0506,25.916
2019-07-10,25.0061,25.8704
2019-07-11,25.1901,26.0614
2019-07-12,25.1896,26.0614
2019-07-15,25.2037,26.0776
2019-07-16,25.2907,26.1682
2019-07-17,25.2634,26.1404
2019-07-18,25.1537,26.0274
2019-07-19,24.8605,25.7246
2019-07-22,24.6828,25.5424
2019-07-23,24.7477,25.61
2019-07-24,24.6261,25.4847
2019-07-25,24.7112,25.5733
2019-07-26,24.7283,25.5915
2019-07-29,24.8644,25.7339
2019-07-30,24.6414,25.5037
2019-07-31,24.6334,25.4959
2019-08-01,24.367,25.2207
2019-08-02,24.4746,25.3326
2019-08-05,24.2355,25.0866
2019-08-06,24.1674,25.0166
2019-08-07,24.2687,25.122
2019-08-08,24.419,25.2781
2019-08-09,24.7311,25.6017
2019-08-13,24.3177,25.1758
2019-08-14,24.4763,25.3405
2019-08-16,24.3542,25.2151
2019-08-19,24.4677,25.3342
2019-08-20,24.5787,25.4496
2019-08-21,24.4747,25.3425
2019-08-22,24.4354,25.3023
2019-08-23,24.3909,25.2568
2019-08-26,24.4438,25.313
2019-08-27,24.5622,25.4362
2019-08-28,24.5142,25.387
2019-08-29,24.4581,25.3295
2019-08-30,24.59,25.4665
2019-09-03,24.4647,25.3389
2019-09-04,24.4734,25.3484
2019-09-05,24.5741,25.4532
2019-09-06,24.8446,25.734
2019-09-09,24.9814,25.8772
2019-09-11,25.0192,25.9175
2019-09-12,25.1136,26.0158
2019-09-13,25.2526,26.1602
2019-09-16,25.2016,26.109
2019-09-17,24.8168,25.711
2019-09-18,24.8143,25.7089
2019-09-19,24.6349,25.5236
2019-09-20,25.3923,26.3088
2019-09-23,25.9521,26.8904
2019-09-24,25.9185,26.8561
2019-09-25,25.5572,26.4824
2019-09-26,25.651,26.5801
2019-09-27,25.5831,26.5103
2019-09-30,25.4039,26.3261
2019-10-01,25.3121,26.2316
2019-10-03,24.9855,25.8942
2019-10-04,24.8641,25.7689
2019-10-07,24.9731,25.8835
2019-10-09,25.0122,25.925
2019-10-10,24.9239,25.834
2019-10-11,24.9305,25.8414
2019-10-14,25.2042,26.1267
2019-10-15,25.3468,26.2751
2019-10-16,25.5619,26.4987
2019-10-17,25.7269,26.6704
2019-10-18,25.9782,26.9315
2019-10-22,25.9657,26.9211
2019-10-23,25.9018,26.8555
2019-10-24,25.9714,26.9283
2019-10-25,25.9738,26.9314
2019-10-29,26.3074,27.2798
2019-10-30,26.2532,27.2242
2019-10-31,26.2903,27.2633
2019-11-01,26.4062,27.3842
2019-11-04,26.4317,27.4128
2019-11-05,26.4699,27.4531
2019-11-06,26.5559,27.5429
2019-11-07,26.5248,27.5114
2019-11-08,26.4593,27.444
2019-11-11,26.4092,27.394
2019-11-13,26.2441,27.2241
2019-11-14,26.3803,27.3661
2019-11-15,26.4064,27.3939
2019-11-18,26.444,27.4351
2019-11-19,26.4996,27.4934
2019-11-20,26.5442,27.5405
2019-11-21,26.5054,27.501
2019-11-22,26.3276,27.3172
2019-11-25,26.4594,27.4561
2019-11-26,26.4819,27.4802
2019-11-27,26.5301,27.5309
2019-11-28,26.6671,27.6738
2019-11-29,26.588,27.5924
2019-12-02,26.4197,27.4199
2019-12-03,26.2235,27.2169
2019-12-04,26.3337,27.3319
2019-12-05,26.2985,27.2961
2019-12-06,26.162,27.155
2019-12-09,26.2664,27.2653
2019-12-10,26.1356,27.1301
2019-12-11,26.138,27.1332
2019-12-12,26.2362,27.2358
2019-12-13,26.2841,27.2862
2019-12-16,26.1947,27.1952
2019-12-17,26.345,27.3519
2019-12-18,26.3989,27.4085
2019-12-19,26.4621,27.4748
2019-12-20,26.5768,27.5945
2019-12-23,26.6279,27.6495
2019-12-24,26.7032,27.7282
2019-12-26,26.5989,27.6213
2019-12-27,26.8458,27.8783
2019-12-30,26.8618,27.8969
2019-12-31,26.7155,27.7455
2020-01-01,26.7691,27.8018
2020-01-02,26.9115,27.9504
2020-01-03,26.9391,27.9797
2020-01-06,26.6236,27.6539
2020-01-07,26.7289,27.764
2020-01-08,26.7667,27.8038
2020-01-09,26.9707,28.0164
2020-01-10,27.029,28.0776
2020-01-13,27.0386,28.0895
2020-01-14,27.2263,28.2853
2020-01-15,27.2976,28.3599
2020-01-16,27.3429,28.4077
2020-01-17,27.4585,28.5285
2020-01-20,27.429,28.4998
2020-01-21,27.3861,28.4558
2020-01-22,27.4237,28.4956
2020-01-23,27.5253,28.6018
2020-01-24,27.5057,28.5822
2020-01-27,27.3105,28.3813
2020-01-28,27.2154,28.2831
2020-01-29,27.4194,28.4958
2020-01-30,27.3974,28.4736
2020-01-31,27.3607,28.436
2020-02-03,27.2027,28.2736
2020-02-04,27.7062,28.7975
2020-02-05,27.808,28.904
2020-02-06,27.8761,28.9754
2020-02-07,27.978,29.0818
2020-02-10,27.908,29.0109
2020-02-11,28.1105,29.222
2020-02-12,28.1508,29.2645
2020-02-13,28.1812,29.2967
2020-02-14,28.0234,29.1333
2020-02-17,28.0614,29.1746
2020-02-18,27.9519,29.0614
2020-02-19,28.1526,29.2707
2020-02-20,28.1329,29.2508
2020-02-24,27.7096,28.813
2020-02-25,27.2906,28.378
2020-02-26,26.9032,27.9758
2020-02-27,26.9201,27.9938
2020-02-28,26.1526,27.1963
2020-03-02,26.0547,27.0962
2020-03-03,26.5146,27.575
2020-03-04,26.172,27.2193
2020-03-05,26.4016,27.4586
2020-03-06,25.789,26.822
2020-03-09,24.9736,25.9759
2020-03-11,24.9975,26.0018
2020-03-12,23.5774,24.5251
2020-03-13,23.2436,24.1784
2020-03-16,22.764,23.681
2020-03-17,21.9146,22.798
2020-03-18,21.5146,22.3825
2020-03-19,20.9248,21.7693
2020-03-20,21.2379,22.0954
2020-03-23,19.4178,20.2032
2020-03-24,19.3715,20.1555
2020-03-25,20.3229,21.146
2020-03-26,20.6073,21.4423
2020-03-27,21.003,21.8545
2020-03-30,20.4466,21.277
2020-03-31,21.005,21.8587
2020-04-01,20.68,21.5211
2020-04-03,20.4284,21.2603
2020-04-07,21.6836,22.5687
2020-04-08,21.9599,22.8569
2020-04-09,22.6915,23.6191
2020-04-13,22.6226,23.5496
2020-04-15,22.8376,23.7747
2020-04-16,22.9014,23.8418
2020-04-17,23.4747,24.4395
2020-04-20,23.4304,24.3951
2020-04-21,22.8618,23.8037
2020-04-22,22.7112,23.6475
2020-04-23,23.0226,23.9724
2020-04-24,22.9809,23.9295
2020-04-27,23.2401,24.2014
2020-04-28,23.3925,24.3608
2020-04-29,23.42,24.3901
2020-04-30,23.9604,24.9536
2020-05-04,23.1709,24.1339
2020-05-05,23.0998,24.0604
2020-05-06,23.4149,24.3892
2020-05-07,23.4423,24.4183
2020-05-08,23.4308,24.4068
2020-05-11,23.6931,24.6818
2020-05-12,23.9757,24.9768
2020-05-13,24.0915,25.0982
2020-05-14,23.8656,24.8637
2020-05-15,23.8712,24.8703
2020-05-18,23.4392,24.4226
2020-05-19,23.6454,24.6382
2020-05-20,23.8119,24.8126
2020-05-21,24.2894,25.3109
2020-05-22,24.1655,25.1826
2020-05-26,24.2964,25.3222
2020-05-27,24.7519,25.7978
2020-05-28,24.9489,26.0039
2020-05-29,25.1094,26.172
2020-06-01,25.3722,26.4484
2020-06-02,25.7623,26.8559
2020-06-03,25.8308,26.9279
2020-06-04,25.8682,26.9678
2020-06-05,26.0257,27.1327
2020-06-08,26.3012,27.4218
2020-06-09,26.2705,27.3905
2020-06-10,26.4333,27.5608
2020-06-11,26.2218,27.3409
2020-06-12,25.8867,26.9921
2020-06-15,25.7786,26.8813
2020-06-16,25.8798,26.9875
2020-06-17,26.0495,27.1651
2020-06-18,26.2781,27.4042
2020-06-19,26.3879,27.5194
2020-06-22,26.7228,27.8706
2020-06-23,27.1149,28.2802
2020-06-24,27.0681,28.232
2020-06-25,26.9367,28.0956
2020-06-26,27.0604,28.2253
2020-06-29,26.7072,27.8588
2020-06-30,26.6311,27.7801
2020-07-01,27.0085,28.1744
2020-07-02,27.4257,28.6104
2020-07-03,27.5195,28.709
2020-07-06,27.7581,28.96
2020-07-07,28.268,29.4929
2020-07-08,28.2011,29.4238
2020-07-09,28.3438,29.5734
2020-07-10,28.3163,29.5454
2020-07-13,28.3005,29.5311
2020-07-14,27.9846,29.2022
2020-07-15,28.2292,29.4581
2020-07-16,28.3549,29.5901
2020-07-17,28.4985,29.7406
2020-07-20,28.7184,29.9723
2020-07-21,28.9962,30.263
2020-07-22,28.8148,30.0744
2020-07-23,28.9167,30.1815
2020-07-24,28.8545,30.1172
2020-07-27,28.8452,30.1098
2020-07-28,29.2168,30.4984
2020-07-29,29.0005,30.2734
2020-07-30,29.0005,30.2744
2020-07-31,29.2323,30.5171
2020-08-03,29.3202,30.6111
2020-08-04,29.5694,30.8721
2020-08-05,29.63,30.9361
2020-08-06,29.8571,31.174
2020-08-07,30.0628,31.3896
2020-08-10,30.2047,31.5401
2020-08-11,30.2264,31.5636
2020-08-12,30.0787,31.4101
2020-08-13,30.3656,31.7106
2020-08-14,30.1467,31.4828
2020-08-17,30.2178,31.5596
2020-08-18,30.4125,31.7639
2020-08-19,30.6632,32.0265
2020-08-20,30.5214,31.8793
2020-08-21,30.8875,32.2625
2020-08-24,31.0862,32.4725
2020-08-25,30.9974,32.3806
2020-08-26,31.43,32.8334
2020-08-27,31.7367,33.1546
2020-08-28,31.6045,33.0175
2020-08-31,30.9949,32.3832
2020-09-01,30.9999,32.3892
2020-09-02,31.3385,32.7439
2020-09-03,31.5716,32.9883
2020-09-04,30.7949,32.1776
2020-09-07,30.5534,31.9278
2020-09-08,30.4131,31.7821
2020-09-09,30.0601,31.4141
2020-09-10,30.3844,31.7539
2020-09-11,30.2427,31.6067
2020-09-14,30.8102,32.2025
2020-09-15,31.1171,32.5242
2020-09-16,31.3565,32.7755
2020-09-17,31.2062,32.6192
2020-09-18,31.318,32.7371
2020-09-21,30.5129,31.8982
2020-09-22,30.3293,31.7072
2020-09-23,30.7337,32.1309
2020-09-24,29.8977,31.2578
2020-09-25,30.335,31.7158
2020-09-28,31.1925,32.6151
2020-09-29,31.372,32.8038
2020-09-30,31.4929,32.9311
2020-10-01,31.5381,32.9793
2020-10-05,31.5358,32.9808
2020-10-06,31.7125,33.1664
2020-10-07,31.4074,32.8483
2020-10-08,31.7183,33.1745
2020-10-09,31.8137,33.2753
2020-10-12,32.0586,33.5343
2020-10-13,32.3834,33.8751
2020-10-14,32.4809,33.978
2020-10-15,31.9168,33.3889
2020-10-16,31.945,33.4193
2020-10-19,31.8698,33.3435
2020-10-20,31.6024,33.0647
2020-10-21,31.6582,33.124
2020-10-22,31.7276,33.1976
2020-10-23,31.8274,33.303
2020-10-26,31.6565,33.127
2020-10-27,31.5362,33.0021
2020-10-28,31.468,32.9317
2020-10-29,30.8397,32.2751
2020-10-30,31.1492,32.5999
2020-11-02,30.9931,32.4394
2020-11-03,31.2184,32.6761
2020-11-04,31.4085,32.8761
2020-11-05,32.1921,33.6972
2020-11-06,32.5345,34.0565
2020-11-09,32.7224,34.2562
2020-11-10,32.4878,34.0118
2020-11-11,32.7058,34.2409
2020-11-12,33.0949,34.6493
2020-11-13,33.087,34.642
2020-11-17,33.3816,34.9544
2020-11-18,33.2295,34.7961
2020-11-19,33.0077,34.5648
2020-11-20,33.2723,34.843
2020-11-23,33.4434,35.0249
2020-11-24,33.6709,35.2643
2020-11-25,33.4613,35.0459
2020-11-26,33.6501,35.2447
2020-11-27,33.8345,35.4388
2020-12-01,33.8972,35.5085
2020-12-02,34.1071,35.7294
2020-12-03,34.2158,35.8443
2020-12-04,34.3172,35.9516
2020-12-07,34.3721,36.0123
2020-12-08,34.2766,35.9132
2020-12-09,34.5138,36.1627
2020-12-10,34.411,36.0559
2020-12-11,34.4976,36.1476
2020-12-14,34.466,36.1173
2020-12-15,34.5115,36.166
2020-12-16,34.6285,36.2895
2020-12-17,34.7401,36.4074
2020-12-18,34.7088,36.3756
2020-12-21,33.9826,35.6173
2020-12-22,34.2879,35.9383
2020-12-23,34.724,36.3964
2020-12-24,34.8503,36.5297
2020-12-28,35.0006,36.691
2020-12-29,35.3294,37.0368
2020-12-30,35.5338,37.252
2020-12-31,35.3432,37.053
2021-01-01,35.3944,37.1077
2021-01-04,35.6027,37.3289
2021-01-05,35.5604,37.2856
2021-01-06,35.4801,37.2022
2021-01-07,35.3401,37.0564
2021-01-08,35.7173,37.4527
2021-01-11,35.9973,37.7488
2021-01-12,35.8784,37.6249
2021-01-13,35.9173,37.6666
2021-01-14,36.148,37.9094
2021-01-15,35.8125,37.5585
2021-01-18,35.5707,37.3077
2021-01-19,35.7861,37.5345
2021-01-20,36.2027,37.9724
2021-01-21,36.364,38.1426
2021-01-22,36.1624,37.9322
2021-01-25,36.1703,37.9435
2021-01-27,36.1381,37.9117
2021-01-28,35.8485,37.6088
2021-01-29,35.7032,37.4573
2021-02-01,35.9856,37.7566
2021-02-02,36.7063,38.5137
2021-02-03,37.1108,38.939
2021-02-04,37.8035,39.6667
2021-02-05,37.8061,39.6704
2021-02-08,38.1782,40.0636
2021-02-09,38.005,39.8827
2021-02-10,37.9781,39.8555
2021-02-11,38.2175,40.1078
2021-02-12,38.2601,40.1535
2021-02-15,38.3918,40.2947
2021-02-16,38.1984,40.0928
2021-02-17,38.1811,40.0758
2021-02-18,38.2528,40.1521
2021-02-19,37.9218,39.8057
2021-02-22,37.5305,39.3981
2021-02-23,37.5104,39.378
2021-02-24,37.7947,39.6774
2021-02-25,37.8415,39.7275
2021-02-26,36.9192,38.7602
2021-03-01,37.3443,39.2095
2021-03-02,37.9164,39.8112
2021-03-03,37.8206,39.7114
2021-03-04,37.5934,39.4738
2021-03-05,37.3001,39.1666
2021-03-08,37.635,39.5209
2021-03-09,37.2736,39.1423
2021-03-10,37.8042,39.7004
2021-03-12,38.0418,39.9518
2021-03-15,37.8265,39.7287
2021-03-16,38.2009,40.1228
2021-03-17,38.0866,40.0038
2021-03-18,38.1258,40.0461
2021-03-19,38.2924,40.2221
2021-03-22,38.3063,40.2398
2021-03-23,38.4749,40.4179
2021-03-24,38.1748,40.1037
2021-03-25,37.4367,39.3294
2021-03-26,37.5372,39.4359
2021-03-30,38.1228,40.0552
2021-03-31,38.0016,39.929
2021-04-01,38.4435,40.3943
2021-04-05,38.3161,40.2649
2021-04-06,38.8815,40.8601
2021-04-07,39.2053,41.2016
2021-04-08,39.4238,41.4326
2021-04-09,39.6809,41.7041
2021-04-12,38.8995,40.8867
2021-04-13,38.8948,40.883
2021-04-15,38.8574,40.8463
2021-04-16,39.3048,41.3179
2021-04-19,39.103,41.1096
2021-04-20,38.9096,40.9075
2021-04-22,38.9809,40.9852
2021-04-23,38.8796,40.8799
2021-04-26,39.3227,41.3497
2021-04-27,39.6354,41.6799
2021-04-28,39.8254,41.8809
2021-04-29,39.9434,42.0064
2021-04-30,39.919,41.982
2021-05-03,39.9517,42.0204
2021-05-04,39.7932,41.855
2021-05-05,39.9062,41.9752
2021-05-06,40.0949,42.175
2021-05-07,40.3776,42.4737
2021-05-10,40.6294,42.7426
2021-05-11,40.3251,42.4239
2021-05-12,40.0797,42.167
2021-05-14,39.8156,41.8918
2021-05-17,40.5949,42.7157
2021-05-18,40.7604,42.8912
2021-05-19,40.8153,42.9504
2021-05-20,40.55,42.6725
2021-05-21,40.9856,43.1322
2021-05-24,41.0286,43.1815
2021-05-25,41.305,43.4738
2021-05-26,41.3558,43.5286
2021-05-27,41.5484,43.7327
2021-05-28,41.4773,43.6593
2021-05-31,41.7167,43.9154
2021-06-01,41.5169,43.7064
2021-06-02,41.4088,43.594
2021-06-03,41.4653,43.6549
2021-06-04,41.3924,43.5795
2021-06-07,41.7873,43.9994
2021-06-08,42.0126,44.2381
2021-06-09,41.7704,43.9844
2021-06-10,42.0206,44.2492
2021-06-11,42.2152,44.4556
2021-06-14,42.1361,44.3765
2021-06-15,42.5061,44.7675
2021-06-16,42.3802,44.6364
2021-06-17,42.1164,44.3599
2021-06-18,42.1668,44.4144
2021-06-21,42.0923,44.3401
2021-06-22,42.1516,44.404
2021-06-23,42.2764,44.5368
2021-06-24,42.4319,44.702
2021-06-25,42.7351,45.0229
2021-06-28,42.7919,45.087
2021-06-29,42.9143,45.2174
2021-06-30,43.0258,45.3363
2021-07-01,43.091,45.4065
2021-07-02,43.3148,45.6437
2021-07-05,43.6691,46.0213
2021-07-06,43.7655,46.1244
2021-07-07,43.8352,46.1991
2021-07-08,43.8064,46.1702
2021-07-09,43.7483,46.1102
2021-07-12,43.9176,46.2927
2021-07-13,44.589,47.0017
2021-07-14,45.025,47.4627
2021-07-15,45.4336,47.8948
2021-07-16,45.5001,47.9662
2021-07-19,45.6053,48.0813
2021-07-20,44.9415,47.3828
2021-07-22,45.3193,47.7839
2021-07-23,45.7182,48.2058
2021-07-26,46.4103,48.9397
2021-07-27,46.0871,48.6002
2021-07-28,45.6679,48.1594
2021-07-29,45.9996,48.5106
2021-07-30,45.9358,48.4446
2021-08-02,45.895,48.4054
2021-08-03,45.9597,48.4749
2021-08-04,45.8818,48.394
2021-08-05,46.1492,48.6771
2021-08-06,46.2697,48.8053
2021-08-09,46.1883,48.7229
2021-08-10,46.0216,48.5483
2021-08-11,45.6883,48.1979
2021-08-12,45.9206,48.4442
2021-08-13,46.2578,48.8012
2021-08-16,46.1128,48.652
2021-08-17,46.3637,48.918
2021-08-18,46.1033,48.6445
2021-08-20,45.768,48.2933
2021-08-23,45.9486,48.4876
2021-08-24,46.2758,48.8341
2021-08-25,46.3345,48.8973
2021-08-26,46.4279,48.9972
2021-08-27,46.5269,49.103
2021-08-30,47.2686,49.8897
2021-08-31,47.7946,50.4461
2021-09-01,47.9798,50.6429
2021-09-02,48.1762,50.8516
2021-09-03,48.1969,50.8748
2021-09-06,48.4847,51.1825
2021-09-07,48.4634,51.1614
2021-09-08,48.7973,51.5152
2021-09-09,48.9374,51.6646
2021-09-13,48.946,51.6794
2021-09-14,49.0943,51.8374
2021-09-15,49.4472,52.2115
2021-09-16,50.0315,52.8298
2021-09-17,49.8571,52.6471
2021-09-20,49.4037,52.1725
2021-09-21,49.54,52.3178
2021-09-22,49.879,52.6773
2021-09-23,50.2841,53.1066
2021-09-24,50.2232,53.0437
2021-09-27,50.3442,53.1759
2021-09-28,49.9397,52.7502
2021-09-29,49.5756,52.3671
2021-09-30,49.5642,52.3564
2021-10-01,49.2154,51.9893
2021-10-04,49.8241,52.6366
2021-10-05,49.3772,52.166
2021-10-06,49.2884,52.0733
2021-10-07,49.8041,52.6194
2021-10-08,50.4196,53.271
2021-10-11,51.0222,53.9114
2021-10-12,51.0875,53.9816
2021-10-13,51.2452,54.1497
2021-10-14,51.7834,54.7199
2021-10-18,52.1742,55.1387
2021-10-19,52.3409,55.3163
2021-10-20,51.9225,54.8756
2021-10-21,51.395,54.3197
2021-10-22,51.1533,54.0658
2021-10-25,50.3686,53.2408
2021-10-26,50.6848,53.5766
2021-10-27,50.7527,53.6498
2021-10-28,50.1978,53.0647
2021-10-29,50.2712,53.1438
2021-11-01,50.8787,53.7905
2021-11-02,50.8344,53.7451
2021-11-03,50.6468,53.548
2021-11-08,51.841,54.8171
2021-11-09,51.8445,54.8221
2021-11-10,52.0251,55.0145
2021-11-11,51.3843,54.3384
2021-11-12,51.5869,54.5542
2021-11-15,52.2281,55.2368
2021-11-16,52.1327,55.1374
2021-11-17,52.0665,55.0688
2021-11-18,51.562,54.5367
2021-11-22,51.1601,54.1178
2021-11-23,51.2592,54.224
2021-11-24,51.0128,53.9649
2021-11-25,51.079,54.0364
2021-11-26,50.4254,53.3463
2021-11-29,49.6918,52.5746
2021-11-30,50.2591,53.1762
2021-12-01,50.1397,53.0511
2021-12-02,50.5268,53.462
2021-12-03,50.4917,53.426
2021-12-06,49.6442,52.5329
2021-12-07,50.3894,53.3228
2021-12-08,51.423,54.418
2021-12-09,51.768,54.7846
2021-12-10,52.0722,55.108
2021-12-13,52.0747,55.115
2021-12-14,52.0268,55.0658
2021-12-15,51.4442,54.4507
2021-12-16,51.3875,54.3922
2021-12-17,50.5477,53.5048
2021-12-20,49.4958,52.3958
2021-12-21,49.5117,52.414
2021-12-22,50.2477,53.1946
2021-12-23,50.5618,53.5286
2021-12-24,50.4691,53.4319
2021-12-27,50.6498,53.6276
2021-12-28,51.087,54.092
2021-12-29,50.9351,53.9326
2021-12-30,50.9956,53.9981
2021-12-31,51.4286,54.4581
2022-01-03,51.5474,54.5884
2022-01-04,51.8165,54.8749
2022-01-05,51.7568,54.8129
2022-01-06,51.0024,54.0152
2022-01-07,51.0231,54.0384
2022-01-10,51.2386,54.2704
2022-01-11,51.2811,54.3167
2022-01-12,51.6743,54.7346
2022-01-13,51.9828,55.0629
2022-01-14,51.5702,54.6273
2022-01-17,51.7238,54.7944
2022-01-18,51.3536,54.4037
2022-01-19,50.939,53.966
2022-01-20,50.89,53.9155
2022-01-21,50.2579,53.2473
2022-01-24,48.8614,51.772
2022-01-25,49.4092,52.3539
2022-01-27,48.7607,51.6695
2022-01-28,48.7391,51.6481
2022-01-31,49.536,52.4968
2022-02-01,50.3021,53.3101
2022-02-02,50.9223,53.9684
2022-02-03,51.2965,54.3661
2022-02-04,49.6135,52.5837
2022-02-07,49.5174,52.4854
2022-02-08,49.2728,52.2274
2022-02-09,49.6374,52.6151
2022-02-10,50.1447,53.1541
2022-02-11,49.4976,52.4694
2022-02-14,48.1044,50.9963
2022-02-15,48.87,51.8092
2022-02-16,49.0715,52.0243
2022-02-17,48.9428,51.8893
2022-02-18,48.4262,51.3431
2022-02-21,47.9837,50.8782
2022-02-22,47.5856,50.4575
2022-02-23,47.4514,50.3166
2022-02-24,45.6331,48.3898
2022-02-25,47.1589,50.0091
2022-02-28,47.4395,50.3107
2022-03-02,47.0366,49.8861
2022-03-03,47.2416,50.1049
2022-03-04,46.5953,49.4208
2022-03-07,45.8047,48.5862
2022-03-08,45.4949,48.2589
2022-03-09,45.8523,48.6393
2022-03-10,46.804,49.6502
2022-03-11,47.1248,49.9919
2022-03-14,47.1801,50.0546
2022-03-15,46.6184,49.46
2022-03-16,47.5977,50.5005
2022-03-17,48.3882,51.3406
2022-03-21,48.5291,51.4958
2022-03-22,48.663,51.6393
2022-03-23,49.0855,52.0889
2022-03-24,49.0593,52.0626
2022-03-25,49.0309,52.0338
2022-03-28,49.2375,52.2572
2022-03-29,49.24,52.2612
2022-03-30,49.5185,52.5583
2022-03-31,49.4756,52.5141
2022-04-01,49.8009,52.8609
2022-04-04,50.8504,53.9793
2022-04-05,51.6087,54.7857
2022-04-06,51.2944,54.4538
2022-04-07,50.6556,53.7773
2022-04-08,50.8709,54.0076
2022-04-11,50.3714,53.4823
2022-04-12,49.5112,52.5707
2022-04-13,49.2115,52.2541
2022-04-18,48.6509,51.667
2022-04-19,48.2385,51.2306
2022-04-20,48.6605,51.6804
2022-04-21,48.7268,51.7525
2022-04-22,48.0319,51.0161
2022-04-25,47.3046,50.2483
2022-04-26,48.1028,51.0977
2022-04-27,47.3714,50.3224
2022-04-28,47.7001,50.6732
2022-04-29,47.7432,50.7205
2022-05-02,47.0249,49.9622
2022-05-04,46.7264,49.6482
2022-05-05,47.0029,49.9435
2022-05-06,46.121,49.0081
2022-05-09,45.9204,48.7994
2022-05-10,45.279,48.1193
2022-05-11,45.2837,48.1258
2022-05-12,44.2419,47.0201
2022-05-13,44.3626,47.1498
2022-05-16,44.817,47.6371
2022-05-17,45.4517,48.3132
2022-05-18,45.614,48.4873
2022-05-19,44.7311,47.5502
2022-05-20,45.2887,48.1445
2022-05-23,45.1109,47.9598
2022-05-24,45.1614,48.015
2022-05-25,44.593,47.4122
2022-05-26,44.901,47.7411
2022-05-27,45.5623,48.4457
2022-05-30,46.318,49.2537
2022-05-31,46.604,49.5594
2022-06-01,46.465,49.4131
2022-06-02,46.3349,49.2763
2022-06-03,46.3775,49.3231
2022-06-06,45.9438,48.8664
2022-06-07,45.9238,48.8466
2022-06-08,45.8018,48.7184
2022-06-09,45.9465,48.8738
2022-06-10,45.3324,48.2221
2022-06-13,44.197,47.0186
2022-06-14,43.7067,46.4984
2022-06-15,43.7688,46.5659
2022-06-16,43.2862,46.0539
2022-06-17,42.7013,45.433
2022-06-20,42.7495,45.4885
2022-06-21,43.4032,46.1855
2022-06-22,43.1514,45.919
2022-06-23,43.3493,46.131
2022-06-24,43.9154,46.7348
2022-06-27,44.7156,47.5907
2022-06-28,44.4541,47.3139
2022-06-29,43.8901,46.715
2022-06-30,43.9943,46.8274
2022-07-01,43.9741,46.8073
2022-07-04,44.3153,47.1749
2022-07-05,44.2883,47.1476
2022-07-06,44.9369,47.8395
2022-07-07,45.3411,48.2713
2022-07-08,45.772,48.7315
2022-07-11,45.8935,48.8655
2022-07-12,45.4601,48.4055
2022-07-13,45.0505,47.9708
2022-07-14,44.7771,47.6812
2022-07-15,44.7382,47.6411
2022-07-18,45.2661,48.2078
2022-07-19,45.2785,48.2224
2022-07-20,45.8815,48.8662
2022-07-21,46.2008,49.2078
2022-07-22,46.44,49.4641
2022-07-25,46.0561,49.0597
2022-07-26,45.7499,48.735
2022-07-27,45.6404,48.6198
2022-07-28,46.6218,49.6669
2022-07-29,46.9119,49.9775
2022-08-01,47.5442,50.6558
2022-08-02,47.5319,50.6442
2022-08-03,47.4611,50.5703
2022-08-04,47.7571,50.8873
2022-08-05,47.8529,50.9908
2022-08-08,48.0475,51.2029
2022-08-10,48.0571,51.2162
2022-08-11,48.6219,51.8196
2022-08-12,48.6624,51.8644
2022-08-16,49.1291,52.368
2022-08-17,49.4495,52.7112
2022-08-18,49.3556,52.6126
2022-08-19,48.9681,52.2012
2022-08-22,48.2478,51.438
2022-08-23,48.117,51.3001
2022-08-24,48.1801,51.3688
2022-08-25,48.0477,51.2292
2022-08-26,48.3521,51.5554
2022-08-29,47.5592,50.7145
2022-08-30,48.1315,51.3263
2022-09-01,47.9454,51.1309
2022-09-02,47.9733,51.1622
2022-09-05,48.1309,51.3348
2022-09-06,48.2512,51.4646
2022-09-07,48.1677,51.377
2022-09-08,49.0022,52.2687
2022-09-09,49.1886,52.4691
2022-09-12,49.5186,52.8258
2022-09-13,49.8148,53.1433
2022-09-14,49.4834,52.7911
2022-09-15,49.4022,52.7059
2022-09-16,48.4719,51.7146
2022-09-19,48.4988,51.7473
2022-09-20,49.023,52.308
2022-09-21,48.7243,51.9906
2022-09-22,48.3598,51.6029
2022-09-23,47.7898,50.996
2022-09-26,46.9913,50.1478
2022-09-27,46.8359,49.9832
2022-09-28,46.4449,49.5671
2022-09-29,46.5992,49.7331
2022-09-30,46.7469,49.892
2022-10-03,46.5477,49.6832
2022-10-04,47.3826,50.5757
2022-10-06,47.9776,51.2132
2022-10-07,48.0356,51.2764
2022-10-10,47.4834,50.6906
2022-10-11,47.0647,50.2449
2022-10-12,47.2741,50.4695
2022-10-13,47.2154,50.4082
2022-10-14,47.58,50.7986
2022-10-17,47.4305,50.6426
2022-10-18,48.0654,51.3218
2022-10-19,48.3052,51.5791
2022-10-20,48.2153,51.4843
2022-10-21,48.2989,51.5748
2022-10-25,48.9281,52.2518
2022-10-27,48.7937,52.1107
2022-10-28,48.2409,51.5216
2022-10-31,48.6352,51.9464
2022-11-01,48.67,51.9849
2022-11-02,48.4071,51.7054
2022-11-03,48.0381,51.3125
2022-11-04,47.7146,50.9681
2022-11-07,48.164,51.4519
2022-11-09,48.4201,51.7279
2022-11-10,48.0069,51.2877
2022-11-11,48.9112,52.2551
2022-11-14,48.9893,52.3423
2022-11-15,49.0278,52.3847
2022-11-16,49.1628,52.5302
2022-11-17,48.9794,52.3356
2022-11-18,48.8124,52.1584
2022-11-21,48.6802,52.0208
2022-11-22,48.6542,51.9944
2022-11-23,48.7089,52.054
2022-11-24,49.1229,52.4977
2022-11-25,49.1419,52.5193
2022-11-28,49.1274,52.5076
2022-11-29,48.9068,52.2731
2022-11-30,49.1334,52.5166
2022-12-01,49.5846,53.0001
2022-12-02,49.4725,52.8816
2022-12-05,49.4753,52.8884
2022-12-06,49.2346,52.6323
2022-12-07,48.8626,52.236
2022-12-08,48.8689,52.2439
2022-12-09,48.6828,52.0462
2022-12-12,48.7105,52.0796
2022-12-13,49.0134,52.4048
2022-12-14,49.3284,52.7428
2022-12-15,48.982,52.3737
2022-12-16,48.3786,51.7298
2022-12-19,48.6654,52.0402
2022-12-20,48.4638,51.8258
2022-12-21,48.206,51.5514
2022-12-22,48.0705,51.4078
2022-12-23,47.095,50.3658
2022-12-26,47.6429,50.9555
2022-12-27,47.7773,51.1004
2022-12-28,47.6879,51.006
2022-12-29,47.6921,51.0117
2022-12-30,47.7107,51.0328
2023-01-02,47.7592,51.0882
2023-01-03,47.8869,51.2259
2023-01-04,47.7035,51.031
2023-01-05,47.5977,50.919
2023-01-06,47.2078,50.5032
2023-01-09,47.7426,51.0789
2023-01-10,47.6465,50.9772
2023-01-11,47.6514,50.9837
2023-01-12,47.9688,51.3246
2023-01-13,48.2449,51.6212
2023-01-16,48.1575,51.5313
2023-01-17,48.2521,51.6338
2023-01-18,48.3595,51.75
2023-01-19,48.3598,51.7515
2023-01-20,48.3395,51.731
2023-01-23,48.9865,52.4271
2023-01-24,49.0976,52.5474
2023-01-25,48.5536,51.9664
2023-01-27,48.4481,51.856
2023-01-30,48.6139,52.0371
2023-01-31,48.5491,51.969
2023-02-01,48.8797,52.3241
2023-02-02,49.1239,52.5869
2023-02-03,50.0764,53.6078
2023-02-06,49.7686,53.2821
2023-02-07,49.5654,53.0658
2023-02-08,49.9386,53.4666
2023-02-09,49.4875,52.9848
2023-02-10,49.2001,52.6782
2023-02-13,49.0071,52.4751
2023-02-14,49.3306,52.8227
2023-02-15,49.3824,52.8794
2023-02-16,49.4951,53.0012
2023-02-17,49.2247,52.7128
2023-02-20,49.0848,52.5665
2023-02-21,49.0724,52.5544
2023-02-22,48.6158,52.0666
2023-02-23,48.626,52.0787
2023-02-24,48.6683,52.1252
2023-02-27,48.4988,51.9471
2023-02-28,48.5308,51.9826
2023-03-01,48.8446,52.3198
2023-03-02,48.7211,52.1887
2023-03-03,49.0363,52.5275
2023-03-06,49.5911,53.1254
2023-03-08,49.6408,53.181
2023-03-09,49.3999,52.9241
2023-03-10,49.0317,52.5308
2023-03-13,48.4387,51.8989
2023-03-14,48.4919,51.9571
2023-03-15,48.686,52.1662
2023-03-16,48.9376,52.437
2023-03-17,49.2848,52.8102
2023-03-20,49.0917,52.6068
2023-03-21,49.1624,52.6837
2023-03-22,49.3806,52.9187
2023-03-23,49.1622,52.6859
2023-03-24,49.0343,52.5501
2023-03-27,48.924,52.4353
2023-03-28,48.7486,52.2485
2023-03-29,48.8604,52.3695
2023-03-31,49.4917,53.0485
2023-04-03,49.8197,53.4035
2023-04-05,50.1837,53.796
2023-04-06,50.1996,53.8142
2023-04-10,50.5251,54.1678
2023-04-11,50.717,54.3747
2023-04-12,50.6991,54.3566
2023-04-13,50.6089,54.2611
2023-04-17,50.9237,54.6034
2023-04-18,50.9901,54.6757
2023-04-19,50.8489,54.5254
2023-04-20,50.8999,54.5813
2023-04-21,50.9638,54.651
2023-04-24,51.2446,54.9557
2023-04-25,51.1697,54.8765
2023-04-26,51.0715,54.7723
2023-04-27,51.4728,55.2039
2023-04-28,52.2082,55.9938
2023-05-02,52.2529,56.0465
2023-05-03,52.2051,55.9965
2023-05-04,52.2916,56.0905
2023-05-05,52.0345,55.816
2023-05-08,52.3653,56.1744
2023-05-09,52.4639,56.2813
2023-05-10,52.5643,56.3903
2023-05-11,52.8409,56.6883
2023-05-12,52.9196,56.7739
2023-05-15,52.8979,56.7543
2023-05-16,52.8095,56.6606
2023-05-17,52.7534,56.6016
2023-05-18,52.7016,56.5473
2023-05-19,52.9162,56.7787
2023-05-22,53.0925,56.9716
2023-05-23,53.3689,57.2695
2023-05-24,53.3863,57.2893
2023-05-25,53.4597,57.3694
2023-05-26,53.9321,57.8775
2023-05-29,54.3371,58.3159
2023-05-30,54.417,58.403
2023-05-31,54.3537,58.3362
2023-06-01,54.0185,57.9777
2023-06-02,54.2828,58.2626
2023-06-05,54.421,58.4147
2023-06-06,54.5136,58.5154
2023-06-07,54.721,58.7393
2023-06-08,54.1218,58.0973
2023-06-09,53.9844,57.9511
2023-06-12,54.0387,58.0131
2023-06-13,54.5036,58.5135
2023-06-14,54.5652,58.5809
2023-06-15,54.5941,58.6131
2023-06-16,54.9585,59.0057
2023-06-19,54.7382,58.7729
2023-06-20,54.9457,58.997
2023-06-21,55.0353,59.0944
2023-06-22,54.716,58.7528
2023-06-23,54.7519,58.7926
2023-06-26,54.9025,58.9582
2023-06-27,54.807,58.8569
2023-06-28,55.2072,59.2879
2023-06-30,55.5252,59.632
2023-07-03,55.7933,59.9238
2023-07-04,55.8786,60.0167
2023-07-05,56.2048,60.3683
2023-07-06,56.3289,60.5029
2023-07-07,55.9157,60.0604
2023-07-10,55.5548,59.6766
2023-07-11,55.7252,59.8609
2023-07-12,56.0002,60.1577
2023-07-13,56.165,60.336
2023-07-14,56.4427,60.6356
2023-07-17,56.6063,60.8153
2023-07-18,56.644,60.8571
2023-07-19,56.8441,61.0734
2023-07-20,56.8296,61.0591
2023-07-21,56.4459,60.6482
2023-07-24,56.3368,60.5348
2023-07-25,56.5321,60.746
2023-07-26,56.7962,61.0311
2023-07-27,56.7652,60.9991
2023-07-28,57.0603,61.3175
2023-07-31,57.3226,61.6034
2023-08-01,57.318,61.5998
2023-08-02,56.6316,60.8634
2023-08-03,56.4309,60.649
2023-08-04,56.8203,61.0688
2023-08-07,57.0789,61.3507
2023-08-08,56.9261,61.1877
2023-08-09,56.8971,61.1579
2023-08-10,56.7082,60.9562
2023-08-11,56.5814,60.8213
2023-08-14,56.7611,61.0184
2023-08-16,56.6049,60.853
2023-08-17,56.1614,60.3775
2023-08-18,55.8811,60.0775
2023-08-21,56.3431,60.5781
2023-08-22,56.4604,60.7055
2023-08-23,56.7982,61.07
2023-08-24,56.4997,60.7503
2023-08-25,56.2746,60.5096
2023-08-28,56.5636,60.8243
2023-08-29,56.8668,61.1517
2023-08-30,56.9526,61.2453
2023-08-31,57.0238,61.3231
2023-09-01,57.4824,61.8175
2023-09-04,57.8082,62.1717
2023-09-05,58.0475,62.4303
2023-09-06,57.9923,62.3722
2023-09-07,58.4031,62.8153
2023-09-08,58.6558,63.0884
2023-09-11,59.2795,63.7631
2023-09-12,58.7637,63.2095
2023-09-13,59.1141,63.5877
2023-09-14,59.3609,63.8545
2023-09-15,59.2966,63.7866
2023-09-18,59.3769,63.8768
2023-09-20,58.8698,63.3339
2023-09-21,58.3081,62.7308
2023-09-22,58.1763,62.5902
2023-09-25,58.3081,62.7359
2023-09-26,58.1024,62.5158
2023-09-27,58.3336,62.7658
2023-09-29,58.4003,62.8402
2023-10-03,58.0742,62.4944
2023-10-04,57.7747,62.1734
2023-10-05,57.8505,62.2562
2023-10-06,58.3041,62.7456
2023-10-09,58.1622,62.5967
2023-10-10,58.6953,63.1718
2023-10-11,59.0255,63.5284
2023-10-12,59.1787,63.6946
2023-10-13,59.0213,63.5264
2023-10-16,59.3627,63.8978
2023-10-17,59.6496,64.2079
2023-10-18,59.2707,63.8014
2023-10-19,59.1338,63.6554
2023-10-20,58.7952,63.2921
2023-10-23,58.3592,62.8266
2023-10-25,57.8327,62.2623
2023-10-26,57.1817,61.5627
2023-10-27,57.9218,62.3608
2023-10-30,58.2455,62.7132
2023-10-31,58.3317,62.8072
2023-11-01,58.2488,62.7192
2023-11-02,58.5975,63.0959
2023-11-03,58.9819,63.5111
2023-11-06,59.4696,64.0403
2023-11-07,59.6967,64.2861
2023-11-08,59.8817,64.4866
2023-11-09,59.8387,64.4416
2023-11-10,60.2656,64.9027
2023-11-13,60.7116,65.387
2023-11-15,61.22,65.9372
2023-11-16,61.3494,66.0779
2023-11-17,61.2987,66.0247
2023-11-20,61.2833,66.0121
2023-11-21,61.3362,66.0704
2023-11-22,61.4907,66.2382
2023-11-23,61.6046,66.3622
2023-11-24,61.594,66.3522
2023-11-28,61.8665,66.6512
2023-11-29,62.1441,66.9516
2023-11-30,62.194,67.0067
2023-12-01,62.353,67.1793
2023-12-04,63.0933,67.9811
2023-12-05,63.41,68.3237
2023-12-06,63.469,68.3887
2023-12-07,64.0269,68.9912
2023-12-08,63.9917,68.9547
2023-12-11,63.824,68.7782
2023-12-12,63.7646,68.7156
2023-12-13,64.1641,69.1475
2023-12-14,64.4362,69.4422
2023-12-15,64.5685,69.5862
2023-12-18,64.5905,69.6142
2023-12-19,64.8023,69.8439
2023-12-21,64.2742,69.2775
2023-12-22,64.5766,69.6049
2023-12-26,64.7852,69.8354
2023-12-27,64.9827,70.0497
2023-12-28,65.2621,70.3524
2023-12-29,65.1598,70.2435
2024-01-01,65.3586,70.4621
2024-01-02,65.2327,70.3278
2024-01-03,65.1372,70.2262
2024-01-04,65.3502,70.4573
2024-01-05,65.3794,70.4903
2024-01-08,65.2376,70.3416
2024-01-09,65.432,70.5527
2024-01-10,65.6499,70.7891
2024-01-11,65.8781,71.0366
2024-01-12,66.1014,71.2789
2024-01-15,66.6342,71.8577
2024-01-16,66.4141,71.6219
2024-01-17,65.3992,70.5289
2024-01-18,65.2289,70.3466
2024-01-19,66.1255,71.315
2024-01-23,65.3332,70.4662
2024-01-24,66.1892,71.391
2024-01-25,66.0168,71.2065
2024-01-29,66.905,72.1704
2024-01-30,66.4775,71.7106
2024-01-31,66.7209,71.9746
2024-02-01,67.2385,72.5346
2024-02-02,68.3697,73.7564
2024-02-05,68.3088,73.6952
2024-02-06,68.6664,74.0825
2024-02-07,68.894,74.3294
2024-02-08,68.769,74.1961
2024-02-09,68.8453,74.2799
2024-02-12,68.0946,73.4745
2024-02-13,68.3488,73.7502
2024-02-14,68.9171,74.365
2024-02-15,69.2389,74.7137
2024-02-16,69.3179,74.8005
2024-02-19,69.3635,74.8544
2024-02-20,69.5196,75.0243
2024-02-21,68.9368,74.3969
2024-02-22,69.6257,75.1418
2024-02-23,69.6094,75.1258
2024-02-26,69.3667,74.8684
2024-02-27,69.5167,75.0318
2024-02-28,68.6851,74.1358
2024-02-29,69.2899,74.7901
2024-03-01,69.8822,75.431
2024-03-04,70.077,75.6458
2024-03-05,69.745,75.289
2024-03-06,69.7776,75.3257
2024-03-07,69.9067,75.4666
2024-03-11,69.1323,74.6367
2024-03-12,69.3227,74.8438
2024-03-13,68.2138,73.6481
2024-03-14,68.6216,74.0899
2024-03-15,68.1746,73.6088
2024-03-18,68.3922,73.8482
2024-03-19,68.0244,73.4526
2024-03-20,68.3355,73.79
2024-03-21,68.9674,74.4738
2024-03-22,69.3592,74.8984
2024-03-26,69.0719,74.5943
2024-03-27,68.9477,74.4617
2024-03-28,69.3206,74.8659
2024-03-31,69.3187,74.8685
2024-04-01,70.1179,75.7331
2024-04-02,70.0554,75.6672
2024-04-03,70.1284,75.7476
2024-04-04,70.1632,75.7866
2024-04-05,70.663,76.3282
2024-04-08,71.0294,76.7286
2024-04-09,71.2571,76.9761
2024-04-10,71.5071,77.2477
2024-04-12,71.0036,76.7069
2024-04-15,70.1876,75.8301
2024-04-16,70.1498,75.7907
2024-04-18,69.7197,75.329
2024-04-19,69.7843,75.4004
2024-04-22,70.3944,76.0642
2024-04-23,70.8782,76.5885
2024-04-24,71.1328,76.8651
2024-04-25,71.2459,76.989
2024-04-26,71.6417,77.4182
2024-04-29,71.538,77.3108
2024-04-30,71.2158,76.9642
2024-05-02,71.7423,77.5363
2024-05-03,71.8533,77.6579
2024-05-06,71.9455,77.7623
2024-05-07,71.4786,77.2593
2024-05-08,71.6535,77.4499
2024-05-09,70.6931,76.4133
2024-05-10,71.0494,76.8
2024-05-13,71.2269,76.9965
2024-05-14,71.4859,77.2781
2024-05-15,71.8726,77.6977
2024-05-16,71.9908,77.827
2024-05-17,72.2578,78.1173
2024-05-21,72.6879,78.5887
2024-05-22,72.7045,78.6082
2024-05-23,72.98,78.9077
2024-05-24,73.0407,78.9749
2024-05-27,72.9974,78.9329
2024-05-28,72.7409,78.6572
2024-05-29,72.4847,78.3817
2024-05-30,71.8767,77.7259
2024-05-31,71.9157,77.7696
2024-06-03,73.3795,79.3574
2024-06-04,70.3049,76.0338
2024-06-05,72.2043,78.0896
2024-06-06,72.874,78.8155
2024-06-07,73.7507,79.7653
2024-06-10,74.102,80.15
2024-06-11,74.2008,80.2586
2024-06-12,74.6489,80.7448
2024-06-13,74.4986,80.5839
2024-06-14,74.6598,80.7598
2024-06-18,74.8413,80.9622
2024-06-19,74.8817,81.0075
2024-06-20,75.1831,81.3351
2024-06-21,75.107,81.2542
2024-06-24,75.3283,81.4983
2024-06-25,75.5819,81.7742
2024-06-26,75.5757,81.769
2024-06-27,75.8392,82.0557
2024-06-28,75.7294,81.9385
2024-07-01,76.249,82.5054
2024-07-02,76.2662,82.5255
2024-07-03,76.9693,83.2879
2024-07-04,77.4586,83.819
2024-07-05,77.5509,83.9205
2024-07-08,77.6001,83.9784
2024-07-09,77.9549,84.364
2024-07-10,77.7995,84.1974
2024-07-11,77.6244,84.0095
2024-07-12,77.7128,84.1068
2024-07-15,77.8978,84.3118
2024-07-16,77.8908,84.3059
2024-07-18,77.6055,84.0002
2024-07-19,76.922,83.2619
2024-07-22,77.3989,83.7829
2024-07-23,77.4505,83.8404
2024-07-24,76.9601,83.3111
2024-07-25,76.6311,82.9565
2024-07-26,77.6033,84.0106
2024-07-29,77.8019,84.2303
2024-07-30,78.0078,84.4549
2024-07-31,78.4187,84.9013
2024-08-01,78.8231,85.3407
2024-08-02,77.9957,84.4466
2024-08-05,75.9607,82.2479
2024-08-06,75.9018,82.1857
2024-08-07,77.039,83.4186
2024-08-08,76.9123,83.283
2024-08-09,77.4241,83.8388
2024-08-12,77.3074,83.7172
2024-08-13,76.7387,83.1029
2024-08-14,76.6405,82.9981
2024-08-16,77.9143,84.3808
2024-08-19,78.1878,84.6819
2024-08-20,78.6284,85.1607
2024-08-21,78.767,85.3124
2024-08-22,78.7334,85.2776
2024-08-23,78.8559,85.4119
2024-08-26,79.1748,85.7622
2024-08-27,79.1269,85.7119
2024-08-28,78.9529,85.5251
2024-08-29,79.0431,85.6244
2024-08-30,79.2838,85.8868
2024-09-02,79.7409,86.3868
2024-09-03,79.7643,86.4139
2024-09-04,79.5731,86.2083
2024-09-05,79.5937,86.2323
2024-09-06,78.5834,85.1393
2024-09-09,78.4998,85.0535
2024-09-10,79.049,85.6503
2024-09-11,79.0961,85.7029
2024-09-12,80.013,86.6981
2024-09-13,80.0035,86.6894
2024-09-16,80.3193,87.0366
2024-09-17,80.36,87.0823
2024-09-18,80.5565,87.2969
2024-09-19,80.7725,87.5326
2024-09-20,81.8588,88.7115
2024-09-23,82.0917,88.969
2024-09-24,82.0287,88.9023
2024-09-25,82.2904,89.1877
2024-09-26,82.668,89.5987
2024-09-27,82.2531,89.1507
2024-09-30,81.7556,88.6165
2024-10-01,81.7818,88.6465
2024-10-03,80.6907,87.4673
2024-10-04,80.2796,87.0233
2024-10-07,79.309,85.9761
2024-10-08,79.9587,86.6821
2024-10-09,80.2127,86.9591
2024-10-10,80.6448,87.4292
2024-10-11,80.7433,87.5377
2024-10-14,81.0482,87.8732
2024-10-15,81.2485,88.092
2024-10-16,80.9386,87.7578
2024-10-17,80.4609,87.2415
2024-10-18,80.8531,87.6683
2024-10-21,80.5778,87.3748
2024-10-22,79.899,86.6405
2024-10-23,79.7573,86.4885
2024-10-24,79.7312,86.4618
2024-10-25,79.4447,86.1527
2024-10-28,79.59,86.3152
2024-10-29,80.0907,86.8599
2024-10-30,79.7816,86.5263
2024-10-31,79.2777,85.9814
2024-11-04,79.0716,85.7645
2024-11-05,79.6359,86.3781
2024-11-06,80.2858,87.0848
2024-11-07,80.0868,86.8705
2024-11-08,80.0062,86.7847
2024-11-11,80.4432,87.2638
2024-11-12,79.8173,86.5864
2024-11-13,78.8994,85.5923
2024-11-14,79.0313,85.7371
2024-11-18,78.5711,85.2443
2024-11-19,78.8697,85.5699
2024-11-21,78.5537,85.2303
2024-11-22,79.4646,86.2203
2024-11-25,80.1138,86.9296
2024-11-26,80.0866,86.9017
2024-11-27,80.1034,86.9216
2024-11-28,79.6235,86.4025
2024-11-29,79.955,86.7639
2024-12-02,80.4299,87.2842
2024-12-03,80.9114,87.8085
2024-12-04,80.9537,87.856
2024-12-05,81.4387,88.384
2024-12-06,81.718,88.6888
2024-12-09,81.8141,88.7982
2024-12-10,81.9752,88.9747
2024-12-11,82.37,89.405
2024-12-12,82.1788,89.1992
2024-12-13,82.3924,89.4327
2024-12-16,82.5825,89.6441
2024-12-17,82.1155,89.1389
2024-12-18,81.2144,88.1624
2024-12-19,81.0176,87.9504
2024-12-20,80.0322,86.8824
2024-12-23,80.5362,87.4345
2024-12-24,80.539,87.4392
2024-12-26,80.6981,87.6152
2024-12-27,80.6839,87.6015
2024-12-30,81.0098,87.9604
2024-12-31,80.7436,87.673
2025-01-01,80.9931,87.9456
2025-01-02,81.9723,89.0106
2025-01-03,81.4997,88.499
2025-01-06,80.4337,87.3465
2025-01-07,80.3837,87.2939
2025-01-08,80.4267,87.3422
2025-01-09,80.1015,86.9907
2025-01-10,79.4434,86.2777
2025-01-13,78.3494,85.0944
2025-01-14,78.6094,85.3784
2025-01-15,79.1975,86.0188
2025-01-16,79.2173,86.0419
2025-01-17,79.1069,85.9236
2025-01-20,79.5005,86.3561
2025-01-21,78.9175,85.7245
2025-01-22,79.4455,86.2997
2025-01-23,79.5466,86.4111
2025-01-24,79.2773,86.1202
2025-01-27,78.4908,85.2707
2025-01-28,78.8602,85.6737
2025-01-29,79.4575,86.3242
2025-01-30,79.5762,86.4548
2025-01-31,80.4768,87.4349
2025-02-03,80.4208,87.379
2025-02-04,80.9837,87.9923
2025-02-05,80.7273,87.7154
2025-02-06,80.7522,87.7441
2025-02-07,80.283,87.236
2025-02-10,79.94,86.8683
2025-02-11,79.0763,85.9313
2025-02-12,79.0996,85.9582
2025-02-13,79.3186,86.1979
2025-02-14,78.9611,85.811
2025-02-17,79.1047,85.972
2025-02-18,79.0303,85.8927
2025-02-19,78.899,85.7517
2025-02-20,79.0589,85.9271
2025-02-21,78.3492,85.1573
2025-02-24,77.7977,84.5628
2025-02-25,77.5478,84.2928
2025-02-27,77.4569,84.1972
2025-02-28,76.8061,83.4913
2025-03-03,76.2495,82.891
2025-03-04,76.0579,82.6843
2025-03-05,77.0232,83.7353
2025-03-06,77.1432,83.8674
2025-03-07,77.0951,83.8166
2025-03-10,76.6495,83.337
2025-03-11,76.5775,83.2603
2025-03-12,76.8498,83.5579
2025-03-13,76.3801,83.0488
2025-03-17,77.0455,83.7786
2025-03-18,77.52,84.2963
2025-03-19,77.9522,84.7678
2025-03-20,78.3751,85.2293
2025-03-21,78.9428,85.8483
2025-03-24,79.933,86.9302
2025-03-25,79.9385,86.9378
2025-03-26,79.4295,86.3858
2025-03-27,79.4843,86.4471
2025-03-28,78.922,85.8371
2025-03-31,78.9232,85.8434
2025-04-01,78.1136,84.9643
2025-04-02,78.2516,85.1159
2025-04-03,77.7621,84.5849
2025-04-04,76.871,83.6171
2025-04-07,75.4349,82.0594
2025-04-08,75.9497,82.6208
2025-04-09,76.8401,83.5909
2025-04-11,77.5799,84.3987
2025-04-15,78.5032,85.4091
2025-04-16,78.3515,85.2456
2025-04-17,79.0298,85.9851
2025-04-21,79.592,86.6029
2025-04-22,80.0659,87.1201
2025-04-23,80.6449,87.7517
2025-04-24,80.746,87.8632
2025-04-25,80.221,87.2934
2025-04-28,80.6926,87.8113
2025-04-29,80.4231,87.5196
2025-04-30,80.3227,87.4119
2025-05-02,80.8462,87.9847
2025-05-05,80.9125,88.0615
2025-05-06,80.657,87.785
2025-05-07,80.8942,88.0446
2025-05-08,80.6964,87.831
2025-05-09,79.8072,86.8646
2025-05-12,82.2578,89.5367
2025-05-13,81.6475,88.874
2025-05-14,81.9617,89.2176
2025-05-15,82.6753,89.996
2025-05-16,82.9437,90.2896
2025-05-19,83.3145,90.6981
2025-05-20,82.381,89.6835
2025-05-21,82.5469,89.8657
2025-05-22,82.1943,89.4835
2025-05-23,82.7259,90.0638
2025-05-26,82.9834,90.3489
2025-05-27,82.7842,90.1335
2025-05-28,82.5176,89.8449
2025-05-29,82.5829,89.9176
2025-05-30,82.4588,89.7841
2025-06-02,82.6365,89.9823
2025-06-03,82.1647,89.4701
2025-06-04,82.5513,89.8926
2025-06-05,82.8518,90.2215
2025-06-06,83.9359,91.4036
2025-06-09,84.3479,91.8572
2025-06-10,84.4751,91.9973
2025-06-11,84.2956,91.8034
2025-06-12,83.6109,91.0594
2025-06-13,83.2542,90.6725
2025-06-16,83.8233,91.2972
2025-06-17,83.5888,91.0434
2025-06-18,83.5423,90.9944
2025-06-19,83.4125,90.8546
2025-06-20,83.9388,91.4295
2025-06-23,83.7321,91.2091
2025-06-24,83.9829,91.4839
2025-06-25,84.4358,91.9789
2025-06-26,85.0697,92.6711
2025-06-27,85.5225,93.166
2025-06-30,85.2766,92.903
2025-07-01,85.0691,92.6786
2025-07-02,84.9397,92.5393
2025-07-03,84.8611,92.4553
2025-07-04,85.0035,92.612
2025-07-07,85.0371,92.6536
2025-07-08,84.88,92.484
2025-07-09,85.1171,92.744
2025-07-10,84.8279,92.4306
2025-07-11,84.525,92.1021
2025-07-14,84.717,92.3162
2025-07-15,84.8095,92.4187
2025-07-16,84.7987,92.4085
2025-07-17,84.7291,92.3343
2025-07-18,84.3683,91.9428
2025-07-21,84.9076,92.5354
2025-07-22,84.8502,92.4745
2025-07-23,85.1592,92.8129
2025-07-24,84.8772,92.5071
2025-07-25,84.4617,92.0559
2025-07-28,84.0236,91.5833
2025-07-29,84.305,91.8916
2025-07-30,84.3218,91.9115
2025-07-31,84.5484,92.1602
2025-08-01,83.7855,91.3302
2025-08-04,84.0974,91.6751
2025-08-05,83.9469,91.5126
2025-08-06,83.8128,91.368
2025-08-07,83.9371,91.5052
2025-08-08,83.6156,91.1563
2025-08-11,84.0432,91.6273
2025-08-12,84.1365,91.7307
2025-08-13,84.3958,92.015
2025-08-14,84.5949,92.2337
2025-08-18,85.2382,92.9416
2025-08-19,84.7589,92.4207
2025-08-20,84.6514,92.3051
2025-08-21,84.6504,92.3056
2025-08-22,84.5157,92.1604
2025-08-25,84.6123,92.2707
2025-08-26,83.988,91.5915
2025-08-28,83.6017,91.1734
2025-08-29,83.5088,91.0737
2025-09-01,83.9143,91.5207
2025-09-02,83.7499,91.3431
2025-09-03,84.5141,92.1782
2025-09-04,84.7919,92.4828
2025-09-05,84.8181,92.513
2025-09-08,84.8282,92.529
2025-09-09,85.3163,93.063
2025-09-10,85.3336,93.0835
2025-09-11,85.5735,93.3468
2025-09-12,85.8196,93.617
2025-09-15,85.9228,93.7345
2025-09-16,86.5265,94.3948
2025-09-17,86.6418,94.5223
2025-09-18,86.8109,94.7084
2025-09-19,86.5047,94.376
2025-09-22,86.2413,94.0936
2025-09-23,86.1629,94.0097
2025-09-24,85.9664,93.797
2025-09-25,85.396,93.1763
2025-09-26,84.875,92.6094
2025-09-30,84.3981,92.0956
2025-10-01,84.7435,92.4742
2025-10-03,84.8929,92.6404
2025-10-06,85.2244,93.0072
2025-10-07,85.3976,93.1978
2025-10-08,85.2425,93.0302
2025-10-09,85.3657,93.1663
2025-10-10,85.4106,93.2169
2025-10-13,85.5616,93.3867
2025-10-14,85.3918,93.2029
2025-10-15,85.6308,93.4655
2025-10-16,86.2343,94.126
2025-10-17,86.6243,94.5532
2025-10-20,86.8517,94.8065
2025-10-23,87.3324,95.3362
2025-10-24,87.2542,95.2526
2025-10-27,87.7264,95.7732
2025-10-28,87.4757,95.5012
2025-10-29,87.5943,95.6324
2025-10-30,86.8315,94.8012
2025-10-31,86.4685,94.4065
2025-11-03,86.5108,94.4577
2025-11-04,85.9381,93.8341
2025-11-06,85.8846,93.779
2025-11-07,85.6668,93.5428
2025-11-10,86.151,94.0765
2025-11-11,86.2441,94.1798
2025-11-12,86.2342,94.1707
2025-11-13,86.0817,94.0058
2025-11-14,86.3403,94.2899
2025-11-17,86.5373,94.5101
2025-11-18,86.1263,94.0629
2025-11-19,86.3497,94.3086
2025-11-20,86.4484,94.418
2025-11-21,86.4404,94.4109
2025-11-24,86.4471,94.4233
2025-11-25,86.4137,94.3884
2025-11-26,86.9678,94.9954
2025-11-27,86.8391,94.8564
2025-11-28,86.9707,95.0019
2025-12-01,86.9093,94.9398
2025-12-02,86.7362,94.7524
2025-12-03,86.8215,94.8473
2025-12-04,86.9103,94.946
2025-12-05,87.2985,95.3718
2025-12-08,86.776,94.8059
2025-12-09,86.5553,94.5666
2025-12-10,86.5092,94.5178
2025-12-11,86.7064,94.735
2025-12-12,86.7256,94.7577
2025-12-15,86.6447,94.6742
2025-12-16,86.4232,94.4339
2025-12-17,86.1184,94.1026
2025-12-18,86.179,94.1703
2025-12-19,86.4024,94.4162
2025-12-22,86.8837,94.9471
2025-12-23,87.2329,95.3305
2025-12-24,87.2439,95.3441
2025-12-26,86.97,95.0482
2025-12-29,86.6746,94.7304
2025-12-30,86.5644,94.6116
2025-12-31,87.0746,95.1709
2026-01-01,86.8558,94.9335
2026-01-02,87.1883,95.2985
2026-01-05,87.206,95.3229
2026-01-06,87.2057,95.3244
2026-01-07,87.0851,95.1942
2026-01-08,86.6427,94.7123
2026-01-09,86.1213,94.1439
2026-01-12,86.286,94.329
2026-01-13,86.1466,94.1783
2026-01-14,85.8472,93.8527
2026-01-16,85.8389,93.8469
2026-01-19,85.8375,93.8504
2026-01-20,84.8387,92.76
2026-01-21,84.7495,92.664
2026-01-22,85.365,93.3387
2026-01-23,84.9997,92.9409
2026-01-27,85.1988,93.1653
2026-01-28,85.741,93.7598
2026-01-29,85.9225,93.9598
2026-01-30,85.5198,93.5212
2026-02-02,85.164,93.1373
2026-02-03,86.1288,94.1941
2026-02-04,86.0291,94.0867
2026-02-05,85.5488,93.5631
2026-02-06,85.7558,93.7911
2026-02-09,86.0799,94.1506
2026-02-10,86.0706,94.1421
2026-02-11,85.7579,93.8017
2026-02-12,85.0698,93.0507
2026-02-13,84.1679,92.0658
2026-02-16,84.9793,92.9584
2026-02-17,85.136,93.1314
2026-02-18,85.3875,93.4081
2026-02-19,84.5642,92.5092
2026-02-20,84.9473,92.9299
2026-02-23,85.2284,93.2424
2026-02-24,84.6483,92.6094
2026-02-25,85.0795,93.0828
2026-02-26,84.7938,92.7718
2026-02-27,84.0452,91.9544
2026-03-02,83.5542,91.422
2026-03-04,83.2019,91.0398
2026-03-05,83.7029,91.5897
2026-03-06,82.9306,90.7461
2026-03-09,82.0354,89.7713
2026-03-10,82.6347,90.4288
2026-03-11,81.992,89.727
2026-03-12,81.5756,89.2729
2026-03-13,80.5601,88.1632
2026-03-16,81.0503,88.7044
2026-03-17,81.398,89.0865
2026-03-18,81.6608,89.3756
2026-03-19,80.1349,87.7072
2026-03-20,80.2099,87.7908
2026-03-23,79.1103,86.5918
2026-03-24,79.4823,87.0006
2026-03-25,80.2487,87.841
2026-03-27,78.9707,86.4452
2026-03-30,77.8838,85.2599
2026-03-31,78.2643,85.6779
